chr12	120977640	120980435	ZFX:HEK293T	2	.	120978470	120978471	56,196,224
chr12	120977660	120979367	TEAD3:Hep-G2	1	.	120978512	120978513	229,252,207
chr12	120977676	120982070	RBFOX2:Hep-G2	1	.	120978774	120978775	198,208,109
chr12	120977703	120982066	RBM22:Hep-G2	1	.	120979692	120979693	134,155,29
chr12	120977744	120979177	ZNF614:Hep-G2	1	.	120978502	120978503	159,159,209
chr12	120977789	120978869	RCOR2:Hep-G2	1	.	120978502	120978503	180,206,62
chr12	120977791	120981833	MCRS1:Hep-G2	1	.	120978262	120978263	136,93,15
chr12	120977866	120979366	ZNF580:Hep-G2	1	.	120978515	120978516	83,211,20
chr12	120977873	120979050	ELF3:Hep-G2	1	.	120978495	120978496	140,196,196
chr12	120977899	120979811	XRCC5:Hep-G2	1	.	120978497	120978498	113,58,75
chr12	120977945	120979223	NFKBIZ:Hep-G2	1	.	120978490	120978491	224,240,184
chr12	120977951	120981017	INO80:Hep-G2	1	.	120978362	120978363	44,202,125
chr12	120977981	120982077	ZGPAT:Hep-G2	1	.	120978493	120978494	184,177,231
chr12	120978008	120979780	ZBTB26:Hep-G2	1	.	120978516	120978517	188,147,123
chr12	120978016	120978988	THAP11:Hep-G2	1	.	120978520	120978521	56,84,140
chr12	120978024	120979086	SOX5:Hep-G2	1	.	120978517	120978518	209,140,226
chr12	120978025	120979123	ETV5:Hep-G2	1	.	120978514	120978515	201,147,115
chr12	120978032	120981936	SAP130:Hep-G2	1	.	120978496	120978497	17,167,169
chr12	120978041	120979148	MXD4:Hep-G2	1	.	120978505	120978506	53,89,49
chr12	120978043	120978964	BCL6:Hep-G2	1	.	120978507	120978508	168,56,140
chr12	120978045	120979813	AHR:Hep-G2	1	.	120978502	120978503	196,112,168
chr12	120978048	120979880	RBPJ:Hep-G2	1	.	120978502	120978503	168,168,56
chr12	120978053	120979336	KAT8:Hep-G2	1	.	120978491	120978492	154,75,243
chr12	120978065	120979002	KLF6:Hep-G2	1	.	120978504	120978505	252,56,28
chr12	120978071	120979405	MXD3:Hep-G2	1	.	120978513	120978514	97,120,19
chr12	120978073	120979063	SMARCC1:Hep-G2	1	.	120978592	120978593	28,252,168
chr12	120978074	120979377	SP140:macrophage	1	.	120979147	120979148	134,238,87
chr12	120978085	120979854	ZNF48:Hep-G2	1	.	120978540	120978541	86,146,78
chr12	120978088	120978824	MIXL1:Hep-G2	1	.	120978498	120978499	56,55,138
chr12	120978093	120978862	TFAP4:Hep-G2	1	.	120978395	120978396	196,112,84
chr12	120978096	120979855	IKZF5:Hep-G2	1	.	120978521	120978522	132,183,164
chr12	120978128	120978523	MYCN:NGP	1	.	120978424	120978425	28,196,56
chr12	120978128	120981422	AGO2:Hep-G2	1	.	120978928	120978929	31,102,132
chr12	120978130	120979808	NFIA:Hep-G2	1	.	120978513	120978514	190,70,135
chr12	120978136	120981981	KLF6:PDAC	1	.	120981141	120981142	252,56,28
chr12	120978137	120978821	HNRNPH1:Hep-G2	1	.	120978376	120978377	61,155,207
chr12	120978145	120978846	DRAP1:Hep-G2	1	.	120978520	120978521	38,226,7
chr12	120978148	120978564	SMC3:GP5D	1	.	120978257	120978258	152,134,185
chr12	120978149	120978673	NFIL3:Hep-G2	1	.	120978496	120978497	195,225,107
chr12	120978150	120978550	LCORL:Hep-G2	1	.	120978472	120978473	62,138,250
chr12	120978152	120979137	RBM39:Hep-G2	1	.	120978579	120978580	232,242,244
chr12	120978156	120979100	PTBP1:Hep-G2	1	.	120978857	120978858	113,154,162
chr12	120978157	120978763	HNF4A:GP5D,liver,Hep-G2,LoVo,HCT-116,CACO2	13	.	120978492	120978493	140,84,56
chr12	120978157	120979203	KDM3A:Hep-G2	1	.	120978518	120978519	169,130,205
chr12	120978158	120979153	PCBP1:Hep-G2	1	.	120978264	120978265	31,198,90
chr12	120978170	120979034	GATAD2A:Hep-G2	1	.	120978512	120978513	195,180,139
chr12	120978171	120978803	SP1:A-549,liver,Hep-G2	4	.	120978509	120978510	28,196,84
chr12	120978171	120979288	GABPB1:Hep-G2	1	.	120978493	120978494	29,200,206
chr12	120978172	120979112	TFE3:Hep-G2	1	.	120978515	120978516	213,180,182
chr12	120978173	120978768	ZHX2:Hep-G2,786-O	2	.	120978536	120978537	196,224,168
chr12	120978175	120978543	ARID1B:Hep-G2	1	.	120978313	120978314	140,252,168
chr12	120978175	120979224	DMAP1:Hep-G2	1	.	120978502	120978503	181,245,72
chr12	120978176	120978745	PHF5A:Hep-G2	1	.	120978515	120978516	129,215,23
chr12	120978179	120979865	RXRB:Hep-G2	1	.	120978521	120978522	114,168,198
chr12	120978185	120979072	GATAD1:Hep-G2	1	.	120978494	120978495	252,112,224
chr12	120978190	120978818	SMAD4:Hep-G2	2	.	120978524	120978525	28,84,168
chr12	120978190	120979128	MIER3:Hep-G2	1	.	120978498	120978499	123,131,239
chr12	120978195	120978850	HNRNPK:Hep-G2	1	.	120978494	120978495	13,78,64
chr12	120978196	120978676	MLX:Hep-G2	1	.	120978503	120978504	216,101,30
chr12	120978198	120978837	TBP:Hep-G2	1	.	120978485	120978486	56,168,28
chr12	120978198	120978915	MIER2:Hep-G2	1	.	120978512	120978513	254,92,20
chr12	120978198	120979360	FOXA3:Hep-G2	1	.	120978523	120978524	125,129,232
chr12	120978199	120978650	ZFP64:Hep-G2	1	.	120978525	120978526	161,80,254
chr12	120978199	120978730	RXRA:liver,Hep-G2	3	.	120978502	120978503	196,84,252
chr12	120978200	120978564	ZSCAN5A:BeWo	1	.	120978266	120978267	118,205,67
chr12	120978202	120978656	HMG20A:Hep-G2	1	.	120978512	120978513	203,162,50
chr12	120978207	120978774	TEAD1:Hep-G2,pancreas	2	.	120978521	120978522	56,140,140
chr12	120978208	120978744	REST:Hep-G2,liver	3	.	120978525	120978526	140,224,196
chr12	120978208	120979057	IRF1:PDAC	1	.	120978530	120978531	28,224,28
chr12	120978213	120979128	HNRNPL:Hep-G2	1	.	120978662	120978663	46,109,192
chr12	120978216	120979077	NONO:Hep-G2	1	.	120978470	120978471	168,112,224
chr12	120978216	120979945	ASH2L:Hep-G2,VCaP	2	.	120978553	120978554	56,252,56
chr12	120978224	120978807	CEBPG:Hep-G2	1	.	120978509	120978510	112,112,56
chr12	120978227	120978812	SOX13:Hep-G2	2	.	120978502	120978503	168,224,224
chr12	120978227	120978825	U2AF1:Hep-G2	1	.	120978492	120978493	226,113,149
chr12	120978234	120979027	ARID4B:Hep-G2	1	.	120978498	120978499	188,253,68
chr12	120978241	120978908	HOMEZ:Hep-G2	1	.	120978472	120978473	231,95,0
chr12	120978244	120978653	CCAR2:Hep-G2	1	.	120978516	120978517	176,139,13
chr12	120978245	120978639	ZNF644:Hep-G2	1	.	120978502	120978503	112,224,140
chr12	120978245	120979330	AATF:LAL-B	1	.	120978837	120978838	135,182,206
chr12	120978249	120979175	TRP47:THP-1	1	.	120978750	120978751	150,50,54
chr12	120978255	120978722	ZNF384:Hep-G2	1	.	120978549	120978550	196,56,224
chr12	120978256	120978626	ZEB1:Hep-G2	1	.	120978461	120978462	168,84,140
chr12	120978256	120978950	ZNF175:Hep-G2	1	.	120978511	120978512	196,252,224
chr12	120978262	120978931	RARA:Hep-G2	1	.	120978508	120978509	224,196,84
chr12	120978265	120978652	SP5:Hep-G2	1	.	120978503	120978504	140,239,54
chr12	120978265	120978691	HBP1:Hep-G2	1	.	120978477	120978478	112,84,140
chr12	120978266	120979046	HMGXB4:Hep-G2	1	.	120978466	120978467	161,154,35
chr12	120978267	120978773	TBL1XR1:Hep-G2	1	.	120978518	120978519	252,252,56
chr12	120978268	120978586	ZNF143:Hep-G2	1	.	120978483	120978484	252,196,196
chr12	120978273	120978715	MYC:Hep-G2,GP5D,A-549,LoVo,MCF-7,LS174T	8	.	120978448	120978449	56,28,56
chr12	120978280	120978730	HDAC2:Hep-G2	1	.	120978502	120978503	84,168,56
chr12	120978280	120979030	TAF15:Hep-G2	1	.	120978699	120978700	224,140,196
chr12	120978283	120979135	TCF12:A-549,Hep-G2	2	.	120978515	120978516	56,196,196
chr12	120978284	120978660	FOXP1:Hep-G2	1	.	120978519	120978520	224,252,224
chr12	120978286	120978633	NFATC3:Hep-G2	1	.	120978435	120978436	214,16,163
chr12	120978287	120978899	TP53:SW480	1	.	120978587	120978588	140,56,84
chr12	120978288	120979532	SP140:macrophage	1	.	120978533	120978534	134,238,87
chr12	120978290	120978687	MAX:liver,Hep-G2,A-549,WA01	6	.	120978467	120978468	56,196,84
chr12	120978293	120978598	CUX1:Hep-G2	1	.	120978486	120978487	112,224,84
chr12	120978296	120978660	HNF4G:liver,22Rv1,Hep-G2	3	.	120978491	120978492	224,224,140
chr12	120978300	120978782	NR2F6:Hep-G2	2	.	120978517	120978518	168,140,112
chr12	120978303	120978752	MAZ:Hep-G2	1	.	120978560	120978561	168,252,140
chr12	120978303	120978971	TAF1:Hep-G2	1	.	120978730	120978731	28,252,252
chr12	120978304	120978495	RCOR1:Hep-G2	1	.	120978413	120978414	196,28,112
chr12	120978305	120978711	CREM:Hep-G2	1	.	120978505	120978506	112,224,28
chr12	120978307	120978714	AR:22Rv1,prostate,breast,VCaP	5	.	120978535	120978536	252,56,84
chr12	120978313	120978703	ZBTB7A:Hep-G2	1	.	120978448	120978449	196,28,252
chr12	120978314	120978677	PLAG1:K-562	1	.	120978453	120978454	162,237,179
chr12	120978315	120978691	EP300:Hep-G2,A-549	3	.	120978519	120978520	112,252,84
chr12	120978315	120978747	GATA6:PATU8988,YCC-3	2	.	120978530	120978531	224,224,224
chr12	120978315	120979038	CEBPA:Hep-G2	1	.	120978506	120978507	112,28,28
chr12	120978320	120978659	TSC22D4:Hep-G2	1	.	120978513	120978514	196,140,56
chr12	120978327	120978700	RAD21:liver,GP5D,LoVo,Hep-G2	8	.	120978476	120978477	140,252,224
chr12	120978329	120978649	RELA:Huh-7	1	.	120978487	120978488	112,224,196
chr12	120978330	120978613	L3MBTL4:Hep-G2	1	.	120978461	120978462	70,64,129
chr12	120978330	120978896	ZNF3:Hep-G2	1	.	120978466	120978467	202,29,115
chr12	120978331	120978591	NFRKB:Hep-G2	1	.	120978439	120978440	168,112,112
chr12	120978331	120978591	STAG1:Hep-G2	1	.	120978425	120978426	140,196,168
chr12	120978332	120978598	FOXK2:Hep-G2	1	.	120978465	120978466	112,56,56
chr12	120978335	120978602	SMC1A:BCBL-1,A-549,Hep-G2	3	.	120978438	120978439	140,224,224
chr12	120978340	120979372	ARID1A:Hep-G2,RMG-I	2	.	120978832	120978833	168,28,28
chr12	120978342	120978796	PGR:breast	1	.	120978600	120978601	112,84,56
chr12	120978344	120979352	SIN3A:A-549	2	.	120978837	120978838	196,112,252
chr12	120978345	120978607	NFYC:Hep-G2	1	.	120978483	120978484	154,181,231
chr12	120978345	120978759	ETS1:Hep-G2	1	.	120978503	120978504	252,140,196
chr12	120978347	120978643	ETV4:Hep-G2	1	.	120978519	120978520	112,56,140
chr12	120978348	120978767	CEBPD:Hep-G2	1	.	120978557	120978558	224,140,168
chr12	120978349	120978594	ARID3A:Hep-G2	1	.	120978518	120978519	28,252,56
chr12	120978350	120978590	ZKSCAN1:Hep-G2	1	.	120978460	120978461	140,252,140
chr12	120978351	120978585	PCBP2:Hep-G2	1	.	120978518	120978519	42,23,134
chr12	120978352	120978609	GATA4:AGS,Hep-G2	2	.	120978476	120978477	140,140,252
chr12	120978352	120978760	FOXA2:liver,H9,Hep-G2,CACO2,islet,A-549	11	.	120978538	120978539	28,112,252
chr12	120978353	120978793	SIN3A:Hep-G2	1	.	120978484	120978485	196,112,252
chr12	120978354	120978581	NKX3-1:islet	1	.	120978505	120978506	168,56,168
chr12	120978355	120978602	THRB:Hep-G2	1	.	120978480	120978481	179,95,92
chr12	120978360	120978786	CHD2:Hep-G2	1	.	120978540	120978541	84,196,252
chr12	120978362	120978585	FOS:Hep-G2	1	.	120978479	120978480	112,140,140
chr12	120978365	120978970	HNRNPLL:Hep-G2	1	.	120978711	120978712	55,194,236
chr12	120978367	120978629	NKX2-2:islet	1	.	120978505	120978506	112,252,224
chr12	120978376	120978555	SIN3B:Hep-G2	1	.	120978468	120978469	168,196,84
chr12	120978376	120978608	TGIF2:Hep-G2	1	.	120978473	120978474	196,140,168
chr12	120978376	120978637	SSRP1:Hep-G2	1	.	120978460	120978461	168,56,224
chr12	120978378	120978618	ZBTB33:liver	1	.	120978519	120978520	252,224,252
chr12	120978378	120978701	KLF10:Hep-G2	1	.	120978474	120978475	200,226,2
chr12	120978378	120978843	SKI:Hep-G2	1	.	120978635	120978636	21,59,30
chr12	120978379	120978610	RFX3:Hep-G2	1	.	120978487	120978488	8,61,142
chr12	120978380	120978994	TAF1:A-549	1	.	120978478	120978479	28,252,252
chr12	120978380	120979797	FIP1L1:Hep-G2	1	.	120978498	120978499	58,11,157
chr12	120978382	120978915	MYC:Hep-G2,LoVo	2	.	120978722	120978723	56,28,56
chr12	120978384	120978642	ESR1:breast	2	.	120978502	120978503	224,168,84
chr12	120978384	120978686	JUND:A-549,Hep-G2,liver	4	.	120978501	120978502	196,56,112
chr12	120978385	120978655	NR3C1:A-549	4	.	120978473	120978474	112,56,168
chr12	120978386	120978622	ATF3:liver	1	.	120978533	120978534	56,224,168
chr12	120978386	120978852	VDR:LS180	1	.	120978551	120978552	84,56,252
chr12	120978387	120978745	BAF155:VCaP	3	.	120978533	120978534	204,69,51
chr12	120978391	120978593	CDX2:LS180,CACO2	4	.	120978494	120978495	252,56,196
chr12	120978391	120978725	FOXA1:22Rv1,A-549,Hep-G2,liver,MCF-7-TAMR-1,T-47D,MCF-7,PDAC,LNCaP,VCaP,Huh-7	29	.	120978538	120978539	252,140,168
chr12	120978392	120978598	MBD1:Hep-G2	2	.	120978463	120978464	140,252,28
chr12	120978394	120978604	DNMT3B:Hep-G2	2	.	120978492	120978493	112,28,196
chr12	120978395	120978616	ZNF652:Hep-G2	1	.	120978504	120978505	189,165,208
chr12	120978395	120978645	GTF2F1:Hep-G2	1	.	120978524	120978525	84,196,196
chr12	120978395	120978718	FOSL2:A-549,Hep-G2	2	.	120978508	120978509	84,140,224
chr12	120978397	120978807	HNF1B:PDAC	1	.	120978658	120978659	224,84,56
chr12	120978397	120979318	MAZ:T778	1	.	120978992	120978993	168,252,140
chr12	120978398	120978623	TCF25:Hep-G2	1	.	120978502	120978503	168,84,168
chr12	120978398	120978670	RUVBL1:Hep-G2	1	.	120978505	120978506	133,21,58
chr12	120978399	120978631	ZSCAN2:Hep-G2	1	.	120978498	120978499	111,62,1
chr12	120978399	120978682	CREB1:Hep-G2,A-549	4	.	120978495	120978496	84,28,224
chr12	120978401	120978676	MED1:A-549,Hep-G2	2	.	120978526	120978527	112,196,56
chr12	120978403	120978564	EGR1:liver	1	.	120978500	120978501	56,224,140
chr12	120978403	120978622	GABPA:liver	1	.	120978489	120978490	140,168,252
chr12	120978404	120978607	ELF1:Hep-G2	1	.	120978496	120978497	140,140,224
chr12	120978405	120978852	NCOR2:LS180	1	.	120978523	120978524	168,252,56
chr12	120978406	120978619	NR2F2:liver,Hep-G2	3	.	120978496	120978497	56,196,252
chr12	120978407	120978615	MXI1:Hep-G2	1	.	120978500	120978501	112,56,28
chr12	120978408	120978634	NIPBL:Hep-G2,A-549	2	.	120978510	120978511	28,168,168
chr12	120978410	120978652	BHLHE40:Hep-G2	2	.	120978559	120978560	140,196,56
chr12	120978410	120978681	RXR:LS180	2	.	120978519	120978520	196,224,56
chr12	120978411	120978599	PRPF4:Hep-G2	1	.	120978477	120978478	237,39,148
chr12	120978414	120978636	GATA3:A-549,breast	2	.	120978509	120978510	140,140,84
chr12	120978418	120978595	HSF1:SW620	1	.	120978523	120978524	84,28,168
chr12	120978420	120978788	PPARG:Hep-G2,HT29	2	.	120978517	120978518	168,196,196
chr12	120978421	120978630	NR1H2:HT29	2	.	120978522	120978523	112,196,112
chr12	120978422	120978609	MYBL2:Hep-G2	1	.	120978503	120978504	168,28,140
chr12	120978423	120978559	ESRRA:Hep-G2	1	.	120978500	120978501	28,224,56
chr12	120978425	120978553	HCFC1:Hep-G2	1	.	120978498	120978499	84,56,56
chr12	120978430	120979359	AGO1:Hep-G2	1	.	120978944	120978945	252,196,56
chr12	120978431	120978530	PROX1:SW480	1	.	120978477	120978478	224,140,112
chr12	120978434	120979104	FOXA1:22Rv1	1	.	120978923	120978924	252,140,168
chr12	120978438	120979128	FOXO3:Hep-G2	1	.	120978513	120978514	220,196,110
chr12	120978439	120978607	TCF7:Hep-G2	1	.	120978535	120978536	168,84,196
chr12	120978449	120978562	USF1:Hep-G2	1	.	120978499	120978500	140,196,224
chr12	120978452	120978590	NCOA1:LS180	1	.	120978516	120978517	56,224,224
chr12	120978457	120978753	CEBPB:LS180,Hep-G2	3	.	120978535	120978536	196,112,112
chr12	120978459	120978605	SRF:Hep-G2	1	.	120978519	120978520	140,112,224
chr12	120978459	120978607	PDX1:hESC	1	.	120978522	120978523	112,84,112
chr12	120978461	120978592	HHEX:Hep-G2	1	.	120978524	120978525	140,112,168
chr12	120978461	120979534	ZBTB48:HeLa,U2OS	2	.	120979017	120979018	19,42,80
chr12	120978463	120978653	TCF4:LS180	1	.	120978596	120978597	28,224,224
chr12	120978464	120978736	NCOR1:LS180	2	.	120978595	120978596	196,112,56
chr12	120978467	120979258	BRD4:retina,Hep-G2,IMR-90,SW480,CLL,COLO-205,MDA-MB-157,HT29,MCF-10A	12	.	120978831	120978832	196,140,252
chr12	120978469	120978604	TEAD4:Hep-G2	1	.	120978518	120978519	196,252,56
chr12	120978473	120978880	KLF4:PDAC	1	.	120978560	120978561	140,252,196
chr12	120978475	120978646	NFIC:Hep-G2	1	.	120978515	120978516	140,84,28
chr12	120978477	120978869	SIX5:A-549	1	.	120978556	120978557	28,224,196
chr12	120978477	120978894	SMARCB1:Hep-G2	1	.	120978697	120978698	168,56,28
chr12	120978483	120978646	BCL3:A-549	1	.	120978543	120978544	84,28,140
chr14	36645222	36670435	RING1B:WA09	1	.	36663948	36663949	111,168,90
chr14	36646012	36670381	RING1B:WA09	1	.	36654575	36654576	111,168,90
chr14	36648362	36668520	EZH2phosphoT487:neuron,neural	2	.	36657716	36657717	140,168,224
chr14	36650830	36661759	BRG1:HS-SY-2	1	.	36658563	36658564	234,197,241
chr14	36652588	36667966	RNF2:WA01	1	.	36663887	36663888	56,112,56
chr14	36653549	36665081	PCGF1:WA01	1	.	36656241	36656242	97,220,154
chr14	36653633	36664724	EP300:osteoblast	1	.	36658009	36658010	112,252,84
chr14	36653910	36662439	EZH2:epithelial,myoblast,GM23248,GM23338,neural,keratinocyte,endothelial,astrocyte,A-673,B-cell,myotube,Hep-G2,SF8628,hepatocyte,fibroblast,WA01,HUVEC-C	21	.	36657713	36657714	140,168,224
chr14	36654257	36662747	JARID2:MRC-5,UTEIPS6,AMIPS8,UTEIPS4	4	.	36657897	36657898	252,112,252
chr14	36654276	36662592	EZH2phosphoT487:hepatocyte,GM23248,SK-N-SH	3	.	36657250	36657251	140,168,224
chr14	36654870	36662661	JARID2:MRC-5,UTEIPS11,AMIPS6,UTEIPS7,EDOMIPS2	5	.	36658757	36658758	252,112,252
chr14	36655384	36661170	SUZ12:CRL-7250,GM12878	2	.	36657360	36657361	237,247,218
chr14	36657858	36663866	BCOR:WA01	2	.	36662114	36662115	168,140,56
chr14	36659676	36661173	RNF2:HUES-64	1	.	36660007	36660008	56,112,56
chr14	36660355	36660939	EZH2:keratinocyte,myotube,fibroblast	3	.	36660610	36660611	140,168,224
chr14	36660367	36664594	JARID2:MRC-5,UTEIPS11,AMIPS6,AMIPS8	5	.	36663900	36663901	252,112,252
chr14	36660632	36660911	SS18:Aska-SS	1	.	36660685	36660686	239,121,81
chr14	36660671	36660935	EZH2phosphoT487:SK-N-SH	1	.	36660763	36660764	140,168,224
chr14	36660702	36661419	JARID2:UTEIPS4,AMIPS6,AMIPS8	3	.	36661148	36661149	252,112,252
chr14	36660772	36664555	RYBP:WA01	1	.	36663388	36663389	28,140,196
chr14	36660810	36661084	CTCF:esophagus,bonchial	2	.	36660896	36660897	252,140,56
chr17	4986087	4988024	SAP130:Hep-G2	1	.	4987734	4987735	17,167,169
chr17	4986286	4987958	PRDM10:HEK293	1	.	4987168	4987169	11,207,118
chr17	4986305	4988048	ARID4B:Hep-G2	1	.	4987492	4987493	188,253,68
chr17	4986320	4988058	ZNF335:HEK293	1	.	4987284	4987285	112,168,112
chr17	4986321	4988067	NBN:GM12878	1	.	4987779	4987780	140,84,196
chr17	4986336	4988003	ZNF600:HEK293	1	.	4987244	4987245	93,52,92
chr17	4986367	4988897	MLLT1:GM12878	1	.	4987882	4987883	140,28,84
chr17	4986415	4988269	ETV5:Hep-G2	1	.	4987444	4987445	201,147,115
chr17	4986441	4987774	ZBTB40:K-562	1	.	4987477	4987478	73,149,46
chr17	4986449	4987987	ZBTB17:HEK293	1	.	4987079	4987080	186,116,59
chr17	4986468	4987874	ZFX:HEK293T,MCF-7,K-562,PrEC,HCT-116	8	.	4987060	4987061	56,196,224
chr17	4986562	4988025	HMGXB4:Hep-G2	1	.	4987451	4987452	161,154,35
chr17	4986715	4988178	ZBTB48:HeLa,U2OS,HEK293	5	.	4987409	4987410	19,42,80
chr17	4986732	4988011	KLF6:Hep-G2	1	.	4987480	4987481	252,56,28
chr17	4986774	4988438	PCGF1:WA01	1	.	4987388	4987389	97,220,154
chr17	4986780	4987901	KLF7:HEK293	1	.	4987303	4987304	220,187,138
chr17	4986794	4987925	SP4:HEK293	1	.	4987262	4987263	56,84,224
chr17	4986800	4987889	SP140:macrophage	2	.	4987068	4987069	134,238,87
chr17	4986802	4987656	ERG3:HEK293	1	.	4987489	4987490	232,27,88
chr17	4986802	4987891	NIPBL:HCT-116	1	.	4987315	4987316	28,168,168
chr17	4986802	4988099	ZNF202:HEK293T	1	.	4987447	4987448	93,103,222
chr17	4986819	4987996	SP7:HEK293	1	.	4987471	4987472	16,248,251
chr17	4986821	4987952	ZBTB20:HEK293	1	.	4987388	4987389	105,207,28
chr17	4986829	4988041	AGO1:Hep-G2	1	.	4987807	4987808	252,196,56
chr17	4986830	4987760	ZFHX2:HEK293	1	.	4987463	4987464	214,26,116
chr17	4986831	4987980	CTBP1:K-562	1	.	4987494	4987495	28,56,56
chr17	4986834	4988513	RYBP:WA01	1	.	4987301	4987302	28,140,196
chr17	4986837	4988554	EED:GM12878	1	.	4987421	4987422	140,140,28
chr17	4986842	4988910	TCF3:RCH-ACV	1	.	4988391	4988392	168,112,84
chr17	4986846	4987927	ZBTB8A:HEK293	1	.	4987506	4987507	106,132,68
chr17	4986849	4987815	KDM4C:KYSE150	1	.	4987384	4987385	112,196,224
chr17	4986850	4987848	XRCC5:K-562,Hep-G2	2	.	4987489	4987490	113,58,75
chr17	4986850	4988143	AATF:LAL-B	1	.	4987463	4987464	135,182,206
chr17	4986851	4987657	MCRS1:Hep-G2	1	.	4987440	4987441	136,93,15
chr17	4986853	4988033	RBPJ:Hep-G2	1	.	4987534	4987535	168,168,56
chr17	4986856	4987736	HEXIM1:HCT-116	1	.	4987385	4987386	56,140,224
chr17	4986859	4987653	GATA1:erythroblast	1	.	4987440	4987441	252,28,28
chr17	4986861	4988044	ZGPAT:Hep-G2	1	.	4987458	4987459	184,177,231
chr17	4986862	4988049	GLIS2:HEK293	1	.	4987506	4987507	24,23,245
chr17	4986865	4987841	ZNF398:HEK293	1	.	4987548	4987549	169,199,59
chr17	4986867	4987933	PLAG1:K-562	1	.	4987434	4987435	162,237,179
chr17	4986867	4988286	RBFOX2:Hep-G2,K-562	2	.	4987401	4987402	198,208,109
chr17	4986869	4987811	DIDO1:K-562	1	.	4987471	4987472	112,28,140
chr17	4986869	4988100	AGO2:Hep-G2	1	.	4987343	4987344	31,102,132
chr17	4986871	4987999	NFIA:Hep-G2	1	.	4987455	4987456	190,70,135
chr17	4986871	4988011	KDM3A:Hep-G2	1	.	4987570	4987571	169,130,205
chr17	4986874	4987953	SP3:HEK293	1	.	4987418	4987419	230,217,222
chr17	4986879	4987802	SCRT2:HEK293	1	.	4987351	4987352	154,202,122
chr17	4986879	4987817	SP2:HEK293,K-562,HEK293T	4	.	4987353	4987354	168,56,84
chr17	4986882	4987678	ZEB2:K-562,HEK293	3	.	4987462	4987463	196,196,28
chr17	4986883	4987827	KDM6B:CUTLL1	1	.	4987544	4987545	224,56,196
chr17	4986888	4988023	THAP11:Hep-G2	1	.	4987474	4987475	56,84,140
chr17	4986888	4988288	TEAD3:Hep-G2	1	.	4987450	4987451	229,252,207
chr17	4986890	4987885	ZIC2:HEK293	1	.	4987421	4987422	156,0,155
chr17	4986891	4987935	HNRNPLL:Hep-G2	1	.	4987157	4987158	55,194,236
chr17	4986894	4987740	ZNF76:HEK293	1	.	4987323	4987324	89,219,219
chr17	4986896	4988039	MXD3:Hep-G2	1	.	4987438	4987439	97,120,19
chr17	4986897	4988103	IKZF5:Hep-G2	1	.	4987497	4987498	132,183,164
chr17	4986898	4987818	ZBTB7B:MCF-7	1	.	4987471	4987472	239,73,188
chr17	4986899	4987656	BRG1:HS-SY-2	1	.	4987182	4987183	234,197,241
chr17	4986900	4987978	GATAD1:Hep-G2	1	.	4987463	4987464	252,112,224
chr17	4986901	4987769	EGR2:HEK293	1	.	4987424	4987425	208,49,9
chr17	4986901	4987888	TAF3:HCT-116	1	.	4987459	4987460	196,28,140
chr17	4986901	4988212	KDM4A:WA01	1	.	4987410	4987411	140,224,140
chr17	4986902	4987948	ZNF629:HEK293	1	.	4987590	4987591	245,136,102
chr17	4986905	4987953	RXRB:Hep-G2	1	.	4987692	4987693	114,168,198
chr17	4986905	4988012	NFKBIZ:Hep-G2	1	.	4987448	4987449	224,240,184
chr17	4986905	4988502	ZNF48:Hep-G2	1	.	4987460	4987461	86,146,78
chr17	4986906	4987958	DMAP1:Hep-G2	1	.	4987711	4987712	181,245,72
chr17	4986907	4988043	ASH2L:Hep-G2,WA01,GM12878	3	.	4987304	4987305	56,252,56
chr17	4986913	4987954	KAT8:Hep-G2	1	.	4987476	4987477	154,75,243
chr17	4986913	4987966	ELF3:Hep-G2	1	.	4987494	4987495	140,196,196
chr17	4986920	4987689	SMARCB1:HeLa-S3,Hep-G2	2	.	4987295	4987296	168,56,28
chr17	4986924	4987855	PATZ1:HEK293	2	.	4987638	4987639	234,173,164
chr17	4986925	4987866	ARNT:T-47D	1	.	4987692	4987693	224,252,252
chr17	4986925	4987913	MIER2:Hep-G2	1	.	4987452	4987453	254,92,20
chr17	4986929	4988021	RBM39:Hep-G2	1	.	4987589	4987590	232,242,244
chr17	4986933	4987983	SOX13:Hep-G2	1	.	4987524	4987525	168,224,224
chr17	4986934	4987881	GATAD2A:Hep-G2	1	.	4987488	4987489	195,180,139
chr17	4986935	4988496	ZNF614:Hep-G2	1	.	4987494	4987495	159,159,209
chr17	4986939	4987882	HIF1A:T-47D	1	.	4987686	4987687	28,224,140
chr17	4986942	4987932	MXD4:Hep-G2	1	.	4987745	4987746	53,89,49
chr17	4986947	4987784	ZNF423:HEK293	1	.	4987544	4987545	218,117,57
chr17	4986954	4987878	SOX5:Hep-G2	1	.	4987450	4987451	209,140,226
chr17	4986954	4987971	SP5:Hep-G2	1	.	4987458	4987459	140,239,54
chr17	4986958	4987782	TAF15:Hep-G2	1	.	4987343	4987344	224,140,196
chr17	4986961	4987761	PAF1:HCT-116	3	.	4987509	4987510	112,112,196
chr17	4986963	4987960	ILF3:K-562	1	.	4987571	4987572	233,112,88
chr17	4986964	4987906	IKZF2:GM12878	1	.	4987751	4987752	215,223,84
chr17	4986964	4987949	FOXA2:Hep-G2	1	.	4987217	4987218	28,112,252
chr17	4986973	4987978	ZBTB7A:HUDEP-2,HEK293,Hep-G2,K-562,Ishikawa	6	.	4987493	4987494	196,28,252
chr17	4986976	4988447	RELB:GM12878	1	.	4987466	4987467	252,168,56
chr17	4986979	4987898	RBBP5:K-562,WA01	2	.	4987531	4987532	196,56,56
chr17	4986979	4987918	KLF9:HEK293	1	.	4987350	4987351	196,168,84
chr17	4986982	4987903	BCOR:B-cell,WA01,K-562	6	.	4987490	4987491	168,140,56
chr17	4986988	4987979	KLF17:HEK293	1	.	4987264	4987265	119,23,81
chr17	4986992	4987756	KLF14:HEK293	1	.	4987359	4987360	99,78,195
chr17	4987000	4987910	MTA3:K-562	2	.	4987446	4987447	156,111,43
chr17	4987006	4987747	STAT3:WA01	1	.	4987169	4987170	140,196,112
chr17	4987006	4987965	ZBTB10:HEK293	1	.	4987613	4987614	70,67,181
chr17	4987007	4988105	ZFP69B:HEK293	1	.	4987432	4987433	27,163,3
chr17	4987016	4988013	ZBTB26:HEK293,Hep-G2	3	.	4987432	4987433	188,147,123
chr17	4987018	4987756	KLF9:GBM1A	1	.	4987549	4987550	196,168,84
chr17	4987019	4987665	ZNF524:HEK293	1	.	4987404	4987405	89,7,53
chr17	4987019	4987822	TFIIIC:HEK293	1	.	4987487	4987488	127,88,200
chr17	4987022	4987935	ARID2:Hep-G2,Aska-SS,K-562	4	.	4987480	4987481	168,224,252
chr17	4987023	4987870	NCAPH2:HEK293	1	.	4987453	4987454	183,59,156
chr17	4987026	4987950	RARA:Hep-G2,TSU-1621MT	2	.	4987648	4987649	224,196,84
chr17	4987028	4987675	INO80:Hep-G2	1	.	4987368	4987369	44,202,125
chr17	4987031	4987680	ZNF518A:HEK293	1	.	4987580	4987581	30,223,42
chr17	4987036	4987914	KMT2A:MV4-11,bone-marrow,blood,CCRF-CEM,SEM,RCH-ACV	6	.	4987511	4987512	252,252,224
chr17	4987040	4987999	GABPB1:Hep-G2,K-562	2	.	4987473	4987474	29,200,206
chr17	4987041	4987752	ZNF561:HEK293	1	.	4987526	4987527	18,220,76
chr17	4987042	4987966	ZNF207:GM12878	1	.	4987596	4987597	196,28,168
chr17	4987043	4987735	E2F1:LNCaP,MDA-MB-231,HMEC-1,MCF-7,U-87MG,mesenchymal,K-562	8	.	4987487	4987488	140,84,84
chr17	4987044	4988003	TBL1X:HEK293T	1	.	4987468	4987469	84,168,252
chr17	4987046	4987947	KLF8:HEK293	1	.	4987299	4987300	36,16,174
chr17	4987050	4987694	GRHL3:NHEKSV3	1	.	4987450	4987451	25,251,10
chr17	4987050	4987846	GLIS1:HEK293	2	.	4987607	4987608	163,22,62
chr17	4987058	4987693	CCNT2:K-562	1	.	4987539	4987540	168,224,168
chr17	4987062	4987883	BRD4:HCT15,retina,HCT-116,U-87MG,SUM229PE,CLL,NCI-H2171,COLO-205,HeLa,OCI-AML3,IMR-90,T-47D,MDA-MB-157,MV4-11-B,DND41,BE2C,MCF-10A,MDA-MB-436,MM1-S,SUM159PT,HEK293T,HUVEC-C,HCC1395,SK-N-BE2-C,HT29,MOLM-14,LNCaP-C4-2,HCC1806,K-562,MPNST,KOPTK1,hESC,MV4-11,Jurkat,SUM149,COLO-741,CD4,SEM,SW480,Mutu-1,MCF-7,SUM1315	122	.	4987471	4987472	196,140,252
chr17	4987066	4987684	TRIM25:BT-549	1	.	4987440	4987441	169,140,217
chr17	4987066	4987941	MIER3:Hep-G2	1	.	4987470	4987471	123,131,239
chr17	4987069	4987764	DPF2:GM12878,K-562	2	.	4987453	4987454	112,28,224
chr17	4987074	4987874	ZNF580:HEK293,Hep-G2	2	.	4987536	4987537	83,211,20
chr17	4987074	4987957	PHF8:HeLa,K-562,WA01,A-549	4	.	4987470	4987471	84,84,224
chr17	4987083	4987814	SMARCC1:HeLa-S3,Aska-SS,HS-SY-2	4	.	4987388	4987389	28,252,168
chr17	4987085	4987671	PCBP1:K-562	1	.	4987519	4987520	31,198,90
chr17	4987085	4987727	AGO1:K-562	1	.	4987406	4987407	252,196,56
chr17	4987085	4987938	APC:HCT-116	1	.	4987595	4987596	142,48,228
chr17	4987087	4987960	CREB3L1:K-562	1	.	4987402	4987403	112,224,112
chr17	4987088	4987880	HDAC1:K-562,VCaP	4	.	4987419	4987420	168,196,224
chr17	4987093	4987849	GATAD2B:K-562,MCF-7,GM12878	3	.	4987467	4987468	24,194,26
chr17	4987094	4987943	ZNF692:HEK293	1	.	4987450	4987451	3,224,149
chr17	4987097	4987898	TFAP2C:A-375,BT-474,MDA-MB-453,UCLA1-hESCs	5	.	4987469	4987470	252,140,84
chr17	4987098	4987775	CTCFL:delta-47,K-562,OVCAR-8	4	.	4987494	4987495	112,84,84
chr17	4987101	4987762	SMC1A:BCBL-1,A-549,GM12878,primary-epidermal-keratinocyte,monocyte,Primary-epidermal-keratinocyte,Hep-G2	10	.	4987494	4987495	140,224,224
chr17	4987102	4987960	FOXA3:Hep-G2	1	.	4987550	4987551	125,129,232
chr17	4987103	4988104	NFATC1:HUVEC-C	2	.	4987763	4987764	28,84,140
chr17	4987104	4987726	STAG1:HCAEC,erythroid,HSPC,Hep-G2,MCF-7,CHRF28811	8	.	4987429	4987430	140,196,168
chr17	4987104	4987831	SMC1:MCF-10A,HAP1,HCT-116,HCAEC	6	.	4987479	4987480	13,51,21
chr17	4987108	4987992	MAF:CD4	2	.	4987641	4987642	168,112,28
chr17	4987108	4988230	MRTFB:A-673-clone-Asp114	2	.	4987514	4987515	140,236,9
chr17	4987109	4987793	CTBP2:WA01	1	.	4987219	4987220	196,56,196
chr17	4987109	4987795	KDM1A:Hep-G2,SH-SY5Y,NCI-H526,WA01	5	.	4987502	4987503	28,140,224
chr17	4987112	4987641	INSM2:HEK293	1	.	4987517	4987518	85,27,83
chr17	4987112	4987794	ZFP64:Hep-G2,HEK293	2	.	4987421	4987422	161,80,254
chr17	4987113	4987756	SMAD4:Hep-G2	2	.	4987458	4987459	28,84,168
chr17	4987115	4987764	FIP1L1:Hep-G2,K-562	2	.	4987581	4987582	58,11,157
chr17	4987120	4987739	HMG20A:Hep-G2	1	.	4987453	4987454	203,162,50
chr17	4987120	4987756	SKIL:K-562	1	.	4987443	4987444	169,238,231
chr17	4987122	4987837	SREBF2:HeLa-S3	1	.	4987369	4987370	168,28,196
chr17	4987125	4988037	THRB:Hep-G2	1	.	4987744	4987745	179,95,92
chr17	4987126	4987853	ZNF263:HEK293T,HEK293,K-562	3	.	4987505	4987506	112,56,224
chr17	4987130	4987856	PPARG:Hep-G2	1	.	4987485	4987486	168,196,196
chr17	4987131	4987730	RUNX1T1:Kasumi-1	5	.	4987490	4987491	168,196,112
chr17	4987132	4987769	ZXDB:HEK293	1	.	4987437	4987438	153,136,66
chr17	4987132	4987910	ZNF501:HEK293	1	.	4987365	4987366	56,5,181
chr17	4987133	4987883	SMARCA5:GM12878	1	.	4987547	4987548	121,251,75
chr17	4987133	4987959	HOMEZ:Hep-G2	1	.	4987653	4987654	231,95,0
chr17	4987134	4987668	ZNF2:HEK293	1	.	4987302	4987303	1,71,234
chr17	4987139	4987730	BCL6:B-cell,OCI-Ly1,CD4,OCI-Ly7,Hep-G2	5	.	4987510	4987511	168,56,140
chr17	4987141	4987734	ZNF444:MCF-7	1	.	4987447	4987448	181,16,13
chr17	4987143	4987653	CSNK2A1:LNCaP	1	.	4987414	4987415	112,224,56
chr17	4987144	4987748	ZNF610:HEK293T,HEK293	2	.	4987384	4987385	223,204,184
chr17	4987144	4987840	NFE2L2:A-549	1	.	4987249	4987250	28,168,56
chr17	4987151	4987751	ZNF843:HEK293	1	.	4987543	4987544	44,85,154
chr17	4987160	4987679	EBF3:SK-N-SH	2	.	4987541	4987542	66,72,107
chr17	4987160	4987889	MTA1:MCF-7	1	.	4987440	4987441	140,56,140
chr17	4987160	4987903	SMARCA4:K-562,Aska-SS,neuron	5	.	4987455	4987456	224,84,252
chr17	4987162	4987660	FOXO1:hESC,CD34	2	.	4987423	4987424	84,112,56
chr17	4987162	4987992	GMEB1:K-562	1	.	4987665	4987666	131,252,67
chr17	4987166	4987671	SIRT6:K-562,SK-MEL-239	2	.	4987555	4987556	84,140,56
chr17	4987166	4987685	NONO:K-562,Hep-G2	4	.	4987494	4987495	168,112,224
chr17	4987166	4987732	ZNF574:HEK293	1	.	4987489	4987490	24,14,5
chr17	4987166	4987890	MAZ:K-562,HEK293,Hep-G2,HeLa-S3,T778,A-549,MCF-7,IMR-90	10	.	4987554	4987555	168,252,140
chr17	4987168	4987725	KDM5A:T-47D,A-549	3	.	4987507	4987508	224,56,140
chr17	4987168	4987914	MNT:MCF-7,Hep-G2,K-562	5	.	4987533	4987534	140,56,112
chr17	4987170	4987692	ZNF101:HEK293	1	.	4987590	4987591	50,69,162
chr17	4987170	4987705	PRDM14:NCCIT	1	.	4987392	4987393	28,28,140
chr17	4987170	4987748	SRF:A-673-clone-Asp114,Hep-G2	2	.	4987448	4987449	140,112,224
chr17	4987170	4987974	NFKB1:L1236	1	.	4987830	4987831	84,28,84
chr17	4987170	4988171	NR2F1:MCF-7,GM12878,K-562	3	.	4987761	4987762	252,168,168
chr17	4987171	4987888	SIN3A:Hep-G2,HUVEC-C,SK-N-SH,K-562,A-549,PANC-1,WA01,MCF-7	13	.	4987571	4987572	196,112,252
chr17	4987177	4987933	EP400:K-562	1	.	4987440	4987441	102,132,184
chr17	4987179	4987683	AFF4:HeLa,CD4	7	.	4987500	4987501	56,140,252
chr17	4987182	4987652	ZNF282:K-562	1	.	4987439	4987440	143,140,179
chr17	4987188	4987735	CHD1:WA01,HeLa-S3,LNCaP,A-549,IMR-90,MCF-7,hMSC-TERT	9	.	4987416	4987417	140,252,28
chr17	4987189	4987815	BAF155:LNCaP,VCaP	5	.	4987645	4987646	204,69,51
chr17	4987190	4987721	NIPBL:HCT-116,GM12878	2	.	4987589	4987590	28,168,168
chr17	4987191	4987801	IRF4:GM12878,MM1-S	2	.	4987532	4987533	28,56,252
chr17	4987191	4987972	HMGN3:K-562	1	.	4987556	4987557	84,252,140
chr17	4987193	4987888	ZNF391:HEK293	1	.	4987521	4987522	91,220,80
chr17	4987194	4987772	KDM5B:MDA-MB-231,MCF-7,SUM159,SUM185,HCC2157,T-47D,K-562	7	.	4987446	4987447	140,168,112
chr17	4987194	4987784	NOTCH1:CUTLL1,HPBALL	2	.	4987514	4987515	188,197,62
chr17	4987195	4987711	ERG2:HEK293	1	.	4987510	4987511	175,198,96
chr17	4987197	4987955	ZSCAN21:HEK293	1	.	4987359	4987360	247,64,47
chr17	4987199	4987727	CTCF:myotube,medulloblastoma,GM12891,BE2C,22Rv1,thyroid-gland,skin,GM12873,GM12892,COLO-829,hepatocyte,artery,liver,spleen,A-549,prostate,BL41,DOHH2,WA09,MM1-S,GM20000,BJ,A-673,HSPC,uterus,GM19238,ASC,choroid-plexus,delta-47,CD14,GM19240,cardiac,vagina,nerve,Peyers-patch,cardiac-muscle,HEK293T,MCF-10A,islet,ZR751,GM12878,PC-3,fetal,fibroblast,endothelial,lymphocyte,Jurkat,adrenal-gland,GM12801,HEK293,GM12867,KARPAS422,HL-60,H54,WERI-Rb-1,SH-SY5Y,NB69,NB4,neural,SUM159,GM12872,VCaP,HeLa,GM12866,esophagus,smooth-muscle-cell,GM09237,stomach,THP-1,erythroid,neutrophil,786-O,DND41,B-cell,gastroesophageal-sphincter,LNCaP,OCI-Ly7,macrophage,GM13977,osteoblast,LNCaP-C4-2B,kidney,WI-38VA13,NCI-H929,K-562,epithelial,pancreas,erythroblast,MIA-PaCa-2,GM12875,GM12869,GM10248,testis,WI-38,SU-DHL-6,SK-N-SH,gastrocnemius-medialis,CHRF28811,GM12870,myoblast,MCF-7,breast,RWPE-2,BCBL-1,HeLa-S3,PANC-1,GM12871,heart,GM17942,SK-N-AS,ID00014,BJAB,HSPC-CD34,coronary-artery,GM12874,primary-epidermal-keratinocyte,GM12868,ID00016,HAP1,HFF,GM23338,GM09236,T-47D,RH4,81-3,OCI-Ly3,bonchial,GM12864,GM04025,ovary,SK-MEL-147,neuron,lung,retina,keratinocyte,Loucy,GM12865,astrocyte,IMR-5,colon,OCI-Ly1,CACO2,HCT-116,MDM,GM06990,omental-fat-pad,GM10266,ID00015,WA01,OVCAR-8,GM19239,aorta,Hep-G2,hESC,GM13976,LUHMES,RWPE-1,IMR-90,HUES-64	380	.	4987473	4987474	252,140,56
chr17	4987200	4987738	BACH1:WA01,GM12878	2	.	4987441	4987442	168,168,196
chr17	4987200	4988337	MED:SEM	1	.	4987494	4987495	76,238,23
chr17	4987201	4987719	MYCN:Kelly,SHEP-21N,NGP	11	.	4987414	4987415	28,196,56
chr17	4987207	4987652	KLF16:K-562,HEK293	2	.	4987463	4987464	42,44,112
chr17	4987209	4987715	C11orf30:K-562	1	.	4987485	4987486	114,204,108
chr17	4987209	4987723	BHLHE40:Hep-G2,GM12878,IMR-90,K-562	7	.	4987419	4987420	140,196,56
chr17	4987210	4987844	ZNF189:HEK293	1	.	4987419	4987420	252,236,163
chr17	4987211	4987705	BCL11B:thymus,HEK293	3	.	4987511	4987512	126,179,157
chr17	4987212	4987724	TARDBP:GM12878,K-562,MCF-7	6	.	4987572	4987573	168,84,112
chr17	4987215	4987775	MEF2B:GM12878,tonsil	2	.	4987584	4987585	224,112,168
chr17	4987216	4987745	L3MBTL2:HEK293T,K-562	2	.	4987408	4987409	84,196,28
chr17	4987216	4987834	MED26:U2OS	2	.	4987527	4987528	28,84,84
chr17	4987217	4987749	TCF12:Ishikawa,GM12878,A-549,WA01,Kasumi-1,ME-1	6	.	4987548	4987549	56,196,196
chr17	4987217	4987814	IKZF2:GM12878	1	.	4987386	4987387	215,223,84
chr17	4987218	4987767	HIC1:HEK293	1	.	4987547	4987548	196,193,151
chr17	4987218	4987956	CHD2:SK-N-SH	1	.	4987688	4987689	84,196,252
chr17	4987219	4987667	SRSF4:Hep-G2	1	.	4987521	4987522	58,197,78
chr17	4987219	4987895	ZNF394:HEK293	1	.	4987449	4987450	11,196,19
chr17	4987220	4987803	CBFB:ME-1,SKNO1,GM12878	3	.	4987605	4987606	252,224,28
chr17	4987220	4988032	IKZF1:K-562,GM12878,HSPC,BCR-ABL1	6	.	4987558	4987559	56,252,196
chr17	4987223	4987802	ZSCAN5D:BeWo	1	.	4987370	4987371	27,71,61
chr17	4987223	4987889	CDK8:SET-2,K-562,HCT-116,MOLM-14	7	.	4987487	4987488	84,84,252
chr17	4987225	4987847	CEBPD:Hep-G2	1	.	4987685	4987686	224,140,168
chr17	4987225	4987883	BCL11A:HEK293	1	.	4987530	4987531	84,168,28
chr17	4987230	4987876	ARID1A:Hep-G2,RMG-I	2	.	4987522	4987523	168,28,28
chr17	4987233	4987719	ELL2:HeLa,HCT-116	5	.	4987509	4987510	84,252,224
chr17	4987233	4987898	ZHX2:Hep-G2,786-O,MCF-7	3	.	4987642	4987643	196,224,168
chr17	4987234	4987692	SMC3:K-562,Hep-G2,IMR-90,neural,HL-60,HeLa-S3,A-549,HeLa-Kyoto,SK-N-SH	12	.	4987465	4987466	152,134,185
chr17	4987234	4987804	ZBTB12:HEK293	1	.	4987399	4987400	218,70,141
chr17	4987234	4987902	ESRRA:K-562	1	.	4987476	4987477	28,224,56
chr17	4987235	4987723	E2F6:K-562,A-549,WA01	4	.	4987424	4987425	224,252,140
chr17	4987235	4987754	TRIM24:MOLM-13,LNCaP-abl,K-562	4	.	4987475	4987476	252,56,252
chr17	4987235	4987969	MAX:MKL-1,U-87MG,Ishikawa,GM12878,SK-N-SH,NCI-H2171,A-549,WA01,liver,Hep-G2,P493-6,NB4,MDA-MB-468,K-562,HCT-116,MCF-7,H128,endothelial,HeLa-S3	28	.	4987702	4987703	56,196,84
chr17	4987236	4987843	CDK9:MM1-S,A-375,HEK293T	6	.	4987664	4987665	140,140,56
chr17	4987236	4987911	SUPT5H:K-562,MOLT-4	4	.	4987642	4987643	247,246,179
chr17	4987239	4988008	VEZF1:K-562	1	.	4987632	4987633	182,36,123
chr17	4987240	4987987	BRD2:HEK293T,foreskin,NCI-H23,SK-MEL-147	6	.	4987594	4987595	168,84,224
chr17	4987244	4987790	ZNF3:Hep-G2,K-562	2	.	4987549	4987550	202,29,115
chr17	4987245	4987646	ZSCAN5A:BeWo,HEK293	2	.	4987498	4987499	118,205,67
chr17	4987245	4987798	MXI1:neural,Hep-G2	2	.	4987468	4987469	112,56,28
chr17	4987245	4987970	SOX6:K-562	1	.	4987464	4987465	224,84,168
chr17	4987249	4987807	TRIM22:MCF-7,GM12878	3	.	4987447	4987448	196,140,196
chr17	4987250	4987797	FLI1:HUVEC-C,ME-1,UAE,SKNO1,A-673-clone-Asp114,A-673,TSU-1621MT	9	.	4987491	4987492	84,224,224
chr17	4987251	4987743	AR:LNCaP-abl,A-375,MDA-MB-453,myofibroblast,breast,LNCaP,prostate,LHSAR	17	.	4987505	4987506	252,56,84
chr17	4987251	4987783	CREBBP:tonsil,MCF-7,NCI-H3396	4	.	4987470	4987471	196,196,56
chr17	4987252	4987668	BCL3:A-549	1	.	4987480	4987481	84,28,140
chr17	4987252	4987903	EGLN2:T-47D	1	.	4987617	4987618	56,196,140
chr17	4987254	4988049	ATF1:K-562	2	.	4987579	4987580	224,224,56
chr17	4987255	4987690	E2F8:K-562	1	.	4987490	4987491	124,224,254
chr17	4987255	4987885	NFIC:K-562	1	.	4987428	4987429	140,84,28
chr17	4987255	4987921	HSF1:MO91,NCI-H838,451Lu	4	.	4987559	4987560	84,28,168
chr17	4987257	4987743	RB1:MCF-7,GM12878,K-562	4	.	4987507	4987508	224,168,28
chr17	4987258	4987685	ATF3:GM00739,K-562,HCT-116,A-549,Hep-G2	7	.	4987459	4987460	56,224,168
chr17	4987258	4987818	TP63:keratinocyte	1	.	4987686	4987687	84,140,84
chr17	4987258	4987836	ZNF341:HEK293,LBCL,HIES	5	.	4987620	4987621	128,196,105
chr17	4987259	4987696	KMT2B:AML	2	.	4987514	4987515	112,196,140
chr17	4987259	4987702	HNRNPK:K-562,Hep-G2	2	.	4987537	4987538	13,78,64
chr17	4987260	4987707	KLF5:GM12878,HEK293,KATOIII	3	.	4987524	4987525	224,84,224
chr17	4987260	4987725	TAL1:ME-1	1	.	4987535	4987536	112,168,84
chr17	4987261	4987884	ZNF687:GM12878	1	.	4987787	4987788	196,156,63
chr17	4987262	4987945	NR2C2:K-562	1	.	4987602	4987603	28,196,140
chr17	4987263	4987636	ZNF10:HEK293	1	.	4987434	4987435	26,53,142
chr17	4987263	4987709	ZNF24:K-562,MCF-7,HEK293	3	.	4987398	4987399	196,28,28
chr17	4987264	4987737	HBP1:Hep-G2	1	.	4987485	4987486	112,84,140
chr17	4987268	4987901	FOXO3:Hep-G2	1	.	4987476	4987477	220,196,110
chr17	4987269	4987641	SMAD1:K-562	1	.	4987354	4987355	28,112,168
chr17	4987269	4987653	POU5F1:hiPSC,NCCIT,BJ1-hTERT,hESC,BGO3,WA01	7	.	4987461	4987462	140,28,112
chr17	4987272	4987674	ZBTB14:HEK293	1	.	4987438	4987439	79,96,99
chr17	4987272	4987971	IKZF3:HEK293	1	.	4987472	4987473	11,159,26
chr17	4987274	4987675	OSR2:HEK293	1	.	4987503	4987504	213,152,22
chr17	4987275	4987914	E4F1:K-562	1	.	4987471	4987472	3,158,133
chr17	4987276	4987702	ZNF660:HEK293	1	.	4987538	4987539	32,77,148
chr17	4987276	4987728	SIX5:A-549,K-562	2	.	4987501	4987502	28,224,196
chr17	4987278	4987694	KLF4:hiPSC,PDAC	2	.	4987449	4987450	140,252,196
chr17	4987284	4987726	U2AF1:Hep-G2,K-562	2	.	4987484	4987485	226,113,149
chr17	4987286	4987921	TFE3:Hep-G2	1	.	4987748	4987749	213,180,182
chr17	4987287	4987683	ZBTB11:HEK293,K-562	3	.	4987480	4987481	196,196,168
chr17	4987288	4987740	ERG:LNCaP,ME-1,CD34,MCF-7,SKNO1,Jurkat,TSU-1621MT,K-562,VCaP	19	.	4987492	4987493	252,84,28
chr17	4987289	4987811	ZFP36:GM12878	1	.	4987689	4987690	196,224,112
chr17	4987290	4987717	ZNF467:HEK293	1	.	4987491	4987492	117,58,64
chr17	4987290	4987878	ZSCAN30:HEK293	1	.	4987528	4987529	122,219,229
chr17	4987292	4987989	AHR:GM01310,Hep-G2	3	.	4987569	4987570	196,112,168
chr17	4987295	4987903	SMAD5:K-562	1	.	4987423	4987424	168,224,140
chr17	4987296	4987832	POU2F2:GM12878	1	.	4987487	4987488	28,224,168
chr17	4987300	4987672	ZBTB2:Hep-G2,GM12878,K-562	3	.	4987501	4987502	138,40,254
chr17	4987300	4987714	TRIM28:HEK293,U2OS,K-562,TB40E,HCT-116	6	.	4987540	4987541	252,28,196
chr17	4987300	4987737	ETS1:786-O,K-562,Hep-G2,hESC,A-549,HUVEC-C	17	.	4987498	4987499	252,140,196
chr17	4987300	4987828	TCF3:GM12878	1	.	4987388	4987389	168,112,84
chr17	4987302	4987659	SAFB:K-562	1	.	4987486	4987487	25,244,25
chr17	4987303	4987640	RAD21:MDM,GM12878,HCT-116,IMR-5,HeLa-S3,A-549,WA09,Ishikawa,THP-1,K-562,HUES-64,IMR-90,Hep-G2,RH4,neural,MCF-7,LoVo,liver,SK-N-SH,WA01,HUVEC-C,HeLa-Tet-On	67	.	4987457	4987458	140,252,224
chr17	4987303	4987691	ZNF257:HEK293T	1	.	4987478	4987479	119,173,204
chr17	4987303	4987774	STAT1:CD14,GM12878,SET-2	7	.	4987583	4987584	161,220,127
chr17	4987305	4987653	SS18:Aska-SS	1	.	4987442	4987443	239,121,81
chr17	4987305	4987920	FOXA2:A-549,BJ1-hTERT	3	.	4987667	4987668	28,112,252
chr17	4987305	4988015	KDM4B:K-562	1	.	4987617	4987618	140,224,56
chr17	4987306	4987734	YY2:HEK293,HeLa	2	.	4987585	4987586	142,211,25
chr17	4987307	4987889	MZF1:HEK293	1	.	4987429	4987430	176,147,245
chr17	4987308	4987778	HNRNPLL:K-562	1	.	4987612	4987613	55,194,236
chr17	4987308	4987894	ATF7:K-562,GM12878	2	.	4987633	4987634	224,168,224
chr17	4987309	4987709	STAG2:MCF-10A,HCAEC	4	.	4987487	4987488	123,88,174
chr17	4987312	4987685	ZNF143:GM12878,HeLa,Hep-G2,K-562,MCF-7,HeLa-S3,WA01	9	.	4987521	4987522	252,196,196
chr17	4987312	4987798	HDAC2:MCF-7,K-562,WA01,Hep-G2	6	.	4987522	4987523	84,168,56
chr17	4987312	4987836	GTF2F1:K-562,Hep-G2,GM12878	4	.	4987577	4987578	84,196,196
chr17	4987314	4987642	ZNF324:HEK293	2	.	4987458	4987459	90,161,59
chr17	4987314	4987659	CHD8:HNSC,T-47D	2	.	4987540	4987541	252,84,252
chr17	4987317	4987680	NELFA:HeLa	6	.	4987536	4987537	84,168,140
chr17	4987317	4987691	REST:K-562,neural,CD4,PANC-1,SK-N-SH,HEK293,PFSK1,GM12878,Hep-G2,A-549	13	.	4987513	4987514	140,224,196
chr17	4987317	4987737	RNF2:GM12878,K-562	4	.	4987485	4987486	56,112,56
chr17	4987317	4987791	ELF1:A-549,ME-1,Hep-G2,K-562,SK-N-SH,GM12878,MCF-7	11	.	4987486	4987487	140,140,224
chr17	4987317	4987903	RCOR2:Hep-G2	1	.	4987422	4987423	180,206,62
chr17	4987318	4987679	ZNF639:K-562	4	.	4987529	4987530	224,112,112
chr17	4987318	4987809	INTS13:HL-60	2	.	4987595	4987596	44,86,166
chr17	4987319	4987730	NEUROD1:D341-Med,D283-Med,K-562	6	.	4987498	4987499	140,56,224
chr17	4987322	4987664	ZBTB33:A-549	1	.	4987506	4987507	252,224,252
chr17	4987322	4987687	KAT2B:K-562	1	.	4987456	4987457	140,224,112
chr17	4987322	4987805	PHF5A:Hep-G2	1	.	4987525	4987526	129,215,23
chr17	4987323	4987688	FOXP1:Hep-G2,H9,VCaP	3	.	4987469	4987470	224,252,224
chr17	4987323	4987797	ZSCAN22:HEK293	1	.	4987584	4987585	159,35,51
chr17	4987325	4987951	HNRNPH1:Hep-G2	1	.	4987717	4987718	61,155,207
chr17	4987326	4987812	YY1:NT2-D1,BH-LCLs,Ishikawa,Hep-G2,PK-LCLs,GM12878,HCT-116,liver,K-562,GM12892,AB-LCL,SK-N-SH,HEK293,A-549,GM12891,WA01	21	.	4987621	4987622	140,252,224
chr17	4987326	4987850	CXXC4:HEK293T	1	.	4987684	4987685	168,224,56
chr17	4987326	4987850	PML:MCF-7,K-562	2	.	4987519	4987520	140,112,112
chr17	4987326	4987964	FOS:MNNG-HOS,MG-63-3,endothelial	3	.	4987683	4987684	112,140,140
chr17	4987328	4987808	MED1:A-549,MCF-7,SUM159PT,hESC,SGBS,Hep-G2,hMSC-TERT4,CD4,U-87MG,GM12878,MM1-S,dopaminergic-neuron,Jurkat	22	.	4987561	4987562	112,196,56
chr17	4987329	4987805	ZNF528:HEK293	1	.	4987584	4987585	180,131,93
chr17	4987329	4987825	MIXL1:Hep-G2	1	.	4987700	4987701	56,55,138
chr17	4987331	4987651	SIN3B:K-562,Hep-G2	3	.	4987477	4987478	168,196,84
chr17	4987332	4987641	ZBED1:K-562	1	.	4987537	4987538	196,168,224
chr17	4987333	4987806	NFYC:Hep-G2	1	.	4987429	4987430	154,181,231
chr17	4987334	4987794	TCF7L2:HCT-116,PANC-1	2	.	4987518	4987519	112,140,224
chr17	4987337	4987744	NANOG:LNCaP,WA01	5	.	4987589	4987590	196,28,224
chr17	4987337	4987860	MLX:Hep-G2	1	.	4987735	4987736	216,101,30
chr17	4987338	4987650	GLI4:HEK293	1	.	4987512	4987513	38,170,110
chr17	4987339	4987707	FOXP2:PFSK1	1	.	4987456	4987457	224,224,168
chr17	4987340	4987689	NR1H2:HT29	1	.	4987442	4987443	112,196,112
chr17	4987340	4987823	PKNOX1:MCF-7,GM12878,K-562	3	.	4987666	4987667	168,140,224
chr17	4987341	4987648	FUS:Hep-G2,K-562	2	.	4987461	4987462	148,126,96
chr17	4987341	4987817	ZNF175:Hep-G2	1	.	4987508	4987509	196,252,224
chr17	4987342	4987750	SKI:Hep-G2,HL-60	3	.	4987502	4987503	21,59,30
chr17	4987343	4987906	CDK7:Jurkat	3	.	4987597	4987598	224,224,196
chr17	4987344	4987635	CHD2:HeLa-S3,Hep-G2,K-562	3	.	4987438	4987439	84,196,252
chr17	4987345	4987642	NFE2L2:HeLa-S3,A-375,K-562	3	.	4987449	4987450	28,168,56
chr17	4987345	4987650	ZBTB1:HEK293	1	.	4987460	4987461	208,44,25
chr17	4987346	4987755	HCFC1:GM12878,MCF-7,HeLa-S3,Hep-G2,K-562	5	.	4987550	4987551	84,56,56
chr17	4987346	4987785	TAF1:neural,GM12878,GM12892,GM12891,PFSK1,MCF-7,Hep-G2,SK-N-SH,Ishikawa,A-549,K-562	11	.	4987580	4987581	28,252,252
chr17	4987347	4987708	ZNF213:HEK293	1	.	4987459	4987460	128,245,5
chr17	4987347	4987767	RUNX1:BCP-ALL,TSU-1621MT,MV4-11,epididymis,Kasumi-1,K-562,AMLBLAST,NB4,ME-1,SKNO1,CD34,Jurkat,SKH1	18	.	4987541	4987542	84,168,112
chr17	4987348	4987716	CDK6:KB	2	.	4987515	4987516	112,168,28
chr17	4987349	4987713	ZMIZ1:K-562	1	.	4987505	4987506	196,252,168
chr17	4987350	4987750	LMO1:Jurkat	1	.	4987575	4987576	101,198,173
chr17	4987351	4987747	IRF2:K-562	1	.	4987593	4987594	56,28,252
chr17	4987351	4987782	NFE2:ProEs	1	.	4987668	4987669	168,252,112
chr17	4987351	4987867	PITX3:SH-SY5Y	1	.	4987533	4987534	251,24,167
chr17	4987351	4987879	PAX5:GM12878,GM12892	3	.	4987580	4987581	196,196,112
chr17	4987352	4987872	GFI1B:K-562	1	.	4987599	4987600	224,168,56
chr17	4987352	4987928	SPIB:OCI-Ly3	1	.	4987532	4987533	84,196,168
chr17	4987353	4987871	TEAD1:Hep-G2	1	.	4987459	4987460	56,140,140
chr17	4987355	4987709	CEBPB:epididymis,MV4-11,HeLa-S3	3	.	4987551	4987552	196,112,112
chr17	4987359	4987870	MEF2C:MOLM-13	1	.	4987503	4987504	56,252,28
chr17	4987360	4987655	TEAD4:SK-MEL-147,K-562	2	.	4987509	4987510	196,252,56
chr17	4987361	4987691	EGR1:GM12878,MCF-7,Ishikawa,HCT-116,K-562,WA01	9	.	4987500	4987501	56,224,140
chr17	4987362	4987723	JUN:K-562,BT-549,MDA-MB-231,HAEC	6	.	4987574	4987575	196,252,140
chr17	4987362	4987850	TP53:IMR-90,HCT-116,GM06170,hESC,MDA-MB-231,lymphocyte,SW480	8	.	4987618	4987619	140,56,84
chr17	4987365	4987688	CBX3:K-562	1	.	4987488	4987489	140,56,56
chr17	4987366	4987653	ZNF674:HEK293T	1	.	4987511	4987512	95,34,34
chr17	4987366	4987666	ZNF384:K-562,Hep-G2	2	.	4987594	4987595	196,56,224
chr17	4987366	4987824	GMEB2:Hep-G2	1	.	4987690	4987691	203,62,163
chr17	4987366	4987852	FOSL2:Hep-G2,A-549,SK-MEL-147	3	.	4987532	4987533	84,140,224
chr17	4987367	4987731	PRPF4:K-562	1	.	4987530	4987531	237,39,148
chr17	4987368	4987749	INTS11:HL-60	2	.	4987588	4987589	236,20,183
chr17	4987369	4987739	JMJD1C:Kasumi-1,NB4,HL-60	3	.	4987532	4987533	84,196,84
chr17	4987370	4987740	FEZF1:HEK293	2	.	4987469	4987470	86,220,220
chr17	4987370	4987976	RUNX1T1:CD34	1	.	4987834	4987835	168,196,112
chr17	4987371	4987643	SUPT16H:hiF-T	1	.	4987433	4987434	123,136,52
chr17	4987371	4987816	ZFP36:K-562	1	.	4987454	4987455	196,224,112
chr17	4987372	4987688	CBX1:Hep-G2,K-562	2	.	4987483	4987484	84,112,28
chr17	4987374	4987810	TFAP4:Hep-G2	1	.	4987649	4987650	196,112,84
chr17	4987375	4987743	ZKSCAN1:Hep-G2,K-562	2	.	4987539	4987540	140,252,140
chr17	4987377	4987705	THAP1:K-562	1	.	4987549	4987550	56,140,112
chr17	4987377	4987754	T:H9	2	.	4987577	4987578	168,140,140
chr17	4987378	4987702	KLF10:Hep-G2,HEK293	2	.	4987540	4987541	200,226,2
chr17	4987378	4987810	NFIL3:Hep-G2	1	.	4987463	4987464	195,225,107
chr17	4987378	4988000	DRAP1:Hep-G2	1	.	4987751	4987752	38,226,7
chr17	4987380	4987713	NFYA:K-562	1	.	4987542	4987543	28,84,112
chr17	4987382	4987697	TBX2:Kelly	1	.	4987502	4987503	147,39,37
chr17	4987383	4987908	SP1:liver,A-375,WA01,HEK293,A-549,K-562,HEK293T,GM12878	9	.	4987683	4987684	28,196,84
chr17	4987384	4987784	HNRNPL:K-562,Hep-G2	2	.	4987610	4987611	46,109,192
chr17	4987387	4987646	CEBPD:K-562	1	.	4987488	4987489	224,140,168
chr17	4987387	4987820	CEBPG:Hep-G2	1	.	4987474	4987475	112,112,56
chr17	4987388	4987782	PBX2:K-562	1	.	4987666	4987667	168,140,196
chr17	4987389	4987890	ELF4:K-562	1	.	4987806	4987807	84,252,112
chr17	4987391	4987696	HNRNPUL1:Hep-G2	1	.	4987626	4987627	1,233,180
chr17	4987391	4987734	ZNF35:HEK293	1	.	4987505	4987506	132,123,37
chr17	4987392	4987790	KLF1:K-562,erythroid	2	.	4987456	4987457	131,142,214
chr17	4987393	4987677	STAT5B:CD8	5	.	4987491	4987492	168,28,224
chr17	4987393	4987803	ZNF652:Hep-G2	1	.	4987693	4987694	189,165,208
chr17	4987394	4987729	EP300:A-549,K-562,Ishikawa,osteoblast,neural,Hep-G2,WA01	9	.	4987540	4987541	112,252,84
chr17	4987394	4987748	EBF1:GM12878,MUTUL	2	.	4987594	4987595	28,56,224
chr17	4987396	4987922	NR2F6:Hep-G2,K-562	3	.	4987740	4987741	168,140,112
chr17	4987397	4987649	RCOR1:IMR-90,K-562,SK-N-SH,HeLa-S3,A-549,Hep-G2	7	.	4987496	4987497	196,28,112
chr17	4987397	4987672	ZNF778:HEK293	1	.	4987466	4987467	145,74,232
chr17	4987397	4987853	CREB1:Hep-G2,GM12878,Ishikawa,K-562,MDA-MB-134-VI,LNCaP,A-549,LNCaP-abl,WA01,MCF-7	19	.	4987676	4987677	84,28,224
chr17	4987398	4987644	MYNN:K-562	1	.	4987490	4987491	140,56,196
chr17	4987399	4987775	RXR:macrophage,TSU-1621MT	2	.	4987626	4987627	196,224,56
chr17	4987402	4987705	GATA2:LNCaP,SKH1,ME-1	5	.	4987550	4987551	56,168,196
chr17	4987404	4987649	MBD2:K-562,MCF-7	2	.	4987487	4987488	28,140,168
chr17	4987404	4987792	GTF2B:LCL,HeLa,IMR-90	4	.	4987620	4987621	196,168,196
chr17	4987404	4987910	EHF:RWPE-1	1	.	4987653	4987654	224,84,112
chr17	4987406	4987724	NCOA3:NCI-H3396	1	.	4987547	4987548	56,196,56
chr17	4987410	4987766	ZNF740:K-562	1	.	4987599	4987600	224,112,252
chr17	4987416	4987896	MYCN:BE2C,SK-N-BE2-C,SHEP-21N	4	.	4987746	4987747	28,196,56
chr17	4987417	4987801	IRF1:K-562	1	.	4987681	4987682	28,224,28
chr17	4987418	4987717	JUND:A-549,Hep-G2,K-562,WA01	6	.	4987551	4987552	196,56,112
chr17	4987420	4987731	NR3C1:A-549,breast,HASM2,Ishikawa	10	.	4987593	4987594	112,56,168
chr17	4987421	4987786	ZNF519:HEK293T	1	.	4987583	4987584	196,78,219
chr17	4987421	4987788	CD74:CLL	1	.	4987593	4987594	65,216,248
chr17	4987422	4987798	MYC:CUTLL1,HCT-116,GP5D,endothelial,LoVo,P493-6,Ramos,U-87MG,IMEC,MDA-MB-453,K-562,NCI-H2171,Jurkat,MCF-10A,CD34,A-549,HFF,MM1-S,H128,LCL,BL41,Hep-G2,MCF-7,BJ,LNCaP,BLUE1,DLD-1,U2OS,MDA-MB-231,GM12878,HT-1080	68	.	4987631	4987632	56,28,56
chr17	4987424	4987638	BCLAF1:GM12878,K-562	2	.	4987540	4987541	168,28,112
chr17	4987426	4987744	GATA3:Jurkat,A-549	2	.	4987657	4987658	140,140,84
chr17	4987427	4987818	MYB:Jurkat,MOLT-3,CD4	3	.	4987667	4987668	196,84,28
chr17	4987428	4987696	E2F4:MCF-10A,K-562	2	.	4987602	4987603	224,224,84
chr17	4987428	4987794	SMAD3:MDA-MB-231,hESC	3	.	4987626	4987627	140,112,56
chr17	4987431	4987675	RBM22:K-562	1	.	4987582	4987583	134,155,29
chr17	4987434	4987997	ZEB1:PDAC,neuron,HEK293	3	.	4987695	4987696	168,84,140
chr17	4987435	4987657	NR2F2:K-562	1	.	4987520	4987521	56,196,252
chr17	4987437	4987817	TBP:Hep-G2,ME-1,K-562,HBTEC,WA01	7	.	4987608	4987609	56,168,28
chr17	4987438	4987704	TBL1XR1:Hep-G2,K-562	2	.	4987507	4987508	252,252,56
chr17	4987442	4987844	RELA:GM12878,HAEC,GM15510,HUVEC-C,KB,CD4,SGBS,LNCaP,GM18526,BJAB,GM19099,AC16,monocyte,786-M1A,GM18951,HEK293,Detroit-562,786-O	28	.	4987663	4987664	112,224,196
chr17	4987442	4987981	SOX2:hiPSC	1	.	4987764	4987765	168,84,252
chr17	4987443	4987837	CREM:Hep-G2,K-562,GM12878	3	.	4987695	4987696	112,224,28
chr17	4987446	4987770	SPI1:monocyte,K-562,MDM,LCL,macrophage,U-937,GM12878,THP-1,ME-1,AML,GM12891,CD34	23	.	4987608	4987609	252,28,112
chr17	4987448	4987733	CEBPA:Hep-G2,MV4-11,SKH1,Kasumi-1	5	.	4987565	4987566	112,28,28
chr17	4987448	4987813	NRF1:HeLa,Hep-G2,Namalwa,K-562,MCF-7,HCC1954,SK-N-SH,T-47D,HMEC-1,HeLa-S3	15	.	4987667	4987668	140,252,252
chr17	4987448	4987879	ARID1B:K-562	1	.	4987535	4987536	140,252,168
chr17	4987449	4987908	ZBTB21:HEK293	1	.	4987621	4987622	221,51,217
chr17	4987452	4987787	SP4:WA01	1	.	4987572	4987573	56,84,224
chr17	4987458	4987729	ZNF184:HEK293	1	.	4987564	4987565	157,198,124
chr17	4987464	4987864	RFX3:Hep-G2	1	.	4987521	4987522	8,61,142
chr17	4987466	4987641	SUZ12:K-562	1	.	4987570	4987571	237,247,218
chr17	4987468	4987760	BRCA1:HeLa-S3,MCF-10A	2	.	4987639	4987640	56,252,224
chr17	4987475	4987770	TBX21:TH1,CD4	2	.	4987648	4987649	168,224,112
chr17	4987479	4987768	ZHX1:K-562,HeLa-S3	3	.	4987598	4987599	196,224,140
chr17	4987482	4987719	HOXC5:PC-3	1	.	4987594	4987595	7,88,113
chr17	4987489	4987658	ZBTB44:HEK293	1	.	4987557	4987558	181,74,35
chr17	4987493	4987843	NR2C1:GM12878	1	.	4987727	4987728	41,250,89
chr17	4987497	4987844	MXI1:GM12878,IMR-90,Hep-G2,K-562,SK-N-SH,HeLa-S3,WA01	7	.	4987732	4987733	112,56,28
chr17	4987501	4987760	MEIS2:K-562	1	.	4987689	4987690	140,28,196
chr17	4987505	4987682	MBD1:Hep-G2	1	.	4987660	4987661	140,252,28
chr17	4987508	4987830	PDX1:islet,hiPSC	2	.	4987623	4987624	112,84,112
chr17	4987509	4987726	POU2F2:HBL1	1	.	4987619	4987620	28,224,168
chr17	4987511	4987722	FOXA1:LNCaP-abl,A-549,Hep-G2,MDA-MB-453,LNCaP	5	.	4987613	4987614	252,140,168
chr17	4987517	4987761	ARID5B:Jurkat	1	.	4987600	4987601	220,13,164
chr17	4987517	4987851	ATF2:macrophage,HEK293,WA01	3	.	4987632	4987633	196,140,224
chr17	4987519	4987732	ZNF644:Hep-G2	1	.	4987580	4987581	112,224,140
chr17	4987521	4987958	PCBP1:Hep-G2	1	.	4987715	4987716	31,198,90
chr17	4987522	4987796	PBX3:GM12878,A-549,SK-N-SH	3	.	4987656	4987657	252,28,168
chr17	4987525	4987797	RXRA:GM12878,liver,Hep-G2	4	.	4987628	4987629	196,84,252
chr17	4987526	4987747	OTX2:D341-Med	1	.	4987628	4987629	224,112,196
chr17	4987534	4987756	HAND2:CLB-Ga	1	.	4987661	4987662	100,71,246
chr17	4987542	4987863	SOX4:MDA-MB-231	1	.	4987710	4987711	151,217,175
chr17	4987544	4987785	BRD3:U-87MG	3	.	4987667	4987668	196,84,224
chr17	4987546	4987865	EZH2:LNCaP-abl,SU-DHL-6	2	.	4987740	4987741	140,168,224
chr17	4987547	4987900	SMAD5:GM12878	1	.	4987761	4987762	168,224,140
chr17	4987548	4987688	NCOR2:LS180	1	.	4987627	4987628	168,252,56
chr17	4987552	4987764	EZH1:ProEs	2	.	4987676	4987677	168,56,196
chr17	4987553	4987836	PIAS1:LNCaP	1	.	4987740	4987741	252,112,28
chr17	4987555	4987884	XBP1:HS578T,MDA-MB-231	3	.	4987708	4987709	224,252,56
chr17	4987556	4987789	NFIC:Ishikawa	1	.	4987639	4987640	140,84,28
chr17	4987558	4987906	NR2F2:WI-38VA13,liver,uterus,MCF-7	5	.	4987733	4987734	56,196,252
chr17	4987562	4987831	USF2:Hep-G2,IMR-90,GM12878	3	.	4987723	4987724	252,224,168
chr17	4987564	4987842	RING1B:WA09	1	.	4987766	4987767	111,168,90
chr17	4987566	4987722	TWIST1:SK-N-BE2-C,BE2C	2	.	4987643	4987644	112,168,56
chr17	4987568	4987850	SRF:Ishikawa,GM12878,WA01,MCF-7,HCT-116,Hep-G2	8	.	4987712	4987713	140,112,224
chr17	4987574	4987762	NFYB:K-562	1	.	4987594	4987595	56,168,252
chr17	4987578	4987776	PHOX2B:Kelly	1	.	4987685	4987686	141,50,37
chr17	4987579	4987864	SREBF1:K-562	1	.	4987738	4987739	168,252,252
chr17	4987580	4988070	OGG1:HEK293	1	.	4987864	4987865	246,94,206
chr17	4987582	4987910	ARID3A:GM12878	1	.	4987657	4987658	28,252,56
chr17	4987584	4987705	NKX3-1:LNCaP	1	.	4987655	4987656	168,56,168
chr17	4987585	4987815	KLF1:HUDEP-2	1	.	4987705	4987706	131,142,214
chr17	4987586	4987853	STAT3:MDA-MB-231,MDA-MB-157	2	.	4987761	4987762	140,196,112
chr17	4987586	4987856	TEAD4:Ishikawa,WA01	2	.	4987835	4987836	196,252,56
chr17	4987589	4987748	BCL11A:GM12878,CD34,HUDEP-2	14	.	4987676	4987677	84,168,28
chr17	4987590	4987808	USF1:K-562,Ishikawa,SK-N-SH,Hep-G2,A-549	6	.	4987698	4987699	140,196,224
chr17	4987591	4987881	SUZ12:ProEs	1	.	4987658	4987659	237,247,218
chr17	4987592	4987944	ELF1:A-549,SK-N-SH,K-562,SK-N-MC	4	.	4987779	4987780	140,140,224
chr17	4987595	4987850	DAXX:PC-3	2	.	4987733	4987734	56,112,28
chr17	4987599	4987793	RAD21:HCT-116	1	.	4987665	4987666	140,252,224
chr17	4987601	4987883	VDR:THP-1	1	.	4987733	4987734	84,56,252
chr17	4987602	4987810	TBX5:cardiomyocyte	1	.	4987753	4987754	80,192,99
chr17	4987607	4987873	HNF4A:liver	3	.	4987732	4987733	140,84,56
chr17	4987611	4987794	RBPJ:MUTUL	1	.	4987705	4987706	168,168,56
chr17	4987616	4987839	PGR:T-47D	1	.	4987708	4987709	112,84,56
chr17	4987616	4987932	KLF5:HEK293,GP5D,KATOIII	3	.	4987795	4987796	224,84,224
chr17	4987619	4987971	NFATC3:Hep-G2,GM12878	2	.	4987788	4987789	214,16,163
chr17	4987620	4987825	KLF4:keratinocyte	1	.	4987732	4987733	140,252,196
chr17	4987620	4987871	FOSL1:MNNG-HOS	1	.	4987793	4987794	140,112,28
chr17	4987624	4987891	NKX2-2:islet	1	.	4987741	4987742	112,252,224
chr17	4987626	4987851	CBFA2T2:NCCIT	1	.	4987789	4987790	112,28,84
chr17	4987630	4987800	TGIF2:Hep-G2	1	.	4987694	4987695	196,140,168
chr22	38015977	38018085	CDK7:SK-MEL-147	1	.	38016736	38016737	224,224,196
chr22	38016083	38017722	HSF1:451Lu	1	.	38016939	38016940	84,28,168
chr22	38016108	38019118	ZFX:HEK293T	2	.	38017409	38017410	56,196,224
chr22	38016109	38016936	CHD8:HNSC	1	.	38016600	38016601	252,84,252
chr22	38016125	38017692	FOXP1:VCaP	1	.	38016591	38016592	224,252,224
chr22	38016314	38016858	MAZ:T778,K-562,IMR-90	3	.	38016596	38016597	168,252,140
chr22	38016338	38016830	ZBTB11:MCF-7,HEK293,K-562	4	.	38016608	38016609	196,196,168
chr22	38016340	38017367	SP140:macrophage	2	.	38016969	38016970	134,238,87
chr22	38016354	38016786	KDM1A:Hep-G2,WA01	2	.	38016539	38016540	28,140,224
chr22	38016380	38016880	TFAP2C:A-375,BT-474	2	.	38016661	38016662	252,140,84
chr22	38016385	38017061	SMC1:HAP1	1	.	38016536	38016537	13,51,21
chr22	38016389	38016834	ZHX2:786-O	1	.	38016593	38016594	196,224,168
chr22	38016389	38016855	SMAD3:HCC1954	1	.	38016571	38016572	140,112,56
chr22	38016396	38016826	STAT1:SET-2,AGS	2	.	38016616	38016617	161,220,127
chr22	38016429	38017126	BRD4:hESC,MV4-11,SUM159PT,CHL-1,retina,HCC1395,COLO-741,OVCAR-3,U-87MG,IMR-90,NCI-H2171,T-47D,LNCaP-C4-2,MCF-10A	23	.	38016713	38016714	196,140,252
chr22	38016431	38016781	VDR:LNCaP	1	.	38016607	38016608	84,56,252
chr22	38016433	38016871	CREB1:LNCaP-abl	3	.	38016732	38016733	84,28,224
chr22	38016438	38016881	E2F1:LNCaP,LNCaP-abl	2	.	38016774	38016775	140,84,84
chr22	38016454	38017019	BRD2:foreskin,NCI-H23,SK-MEL-147	3	.	38016650	38016651	168,84,224
chr22	38016455	38016836	GATAD2A:Hep-G2	1	.	38016626	38016627	195,180,139
chr22	38016475	38017204	RBPJ:GSC8-11	2	.	38016892	38016893	168,168,56
chr22	38016476	38016865	CHD7:hiPSC	1	.	38016726	38016727	84,252,252
chr22	38016481	38016837	GRHL2:MCF-7,OVCAR-3,MCF-7-TAMR-1,HBE,PEO1	7	.	38016641	38016642	84,252,196
chr22	38016483	38016849	TRIM24:LNCaP-abl,LNCaP,MOLM-13	5	.	38016664	38016665	252,56,252
chr22	38016491	38016875	NOTCH1:GSC8-11	1	.	38016758	38016759	188,197,62
chr22	38016495	38016875	STAT3:MDA-MB-468,HCC70,A139	3	.	38016640	38016641	140,196,112
chr22	38016503	38016832	BAF155:LNCaP,VCaP	6	.	38016656	38016657	204,69,51
chr22	38016504	38016946	FOXA2:Hep-G2	2	.	38016624	38016625	28,112,252
chr22	38016508	38016813	SOX2:RENVM,hiPSC	3	.	38016596	38016597	168,84,252
chr22	38016523	38016781	AR:prostate,LNCaP,LNCaP-abl,VCaP	12	.	38016644	38016645	252,56,84
chr22	38016528	38016797	ERG:LNCaP,VCaP	6	.	38016691	38016692	252,84,28
chr22	38016529	38016948	FOXM1:MDA-MB-231	2	.	38016662	38016663	56,28,140
chr22	38016532	38016870	KDM5B:T-47D,SUM185,HCC2157	3	.	38016677	38016678	140,168,112
chr22	38016532	38016888	CDK9:A-375,HCT-116	3	.	38016651	38016652	140,140,56
chr22	38016536	38017011	HIF1A:T-47D	1	.	38016657	38016658	28,224,140
chr22	38016538	38017186	NCAPH2:HEK293	1	.	38016821	38016822	183,59,156
chr22	38016542	38016814	ESR1:Ishikawa,breast,MCF-7,endometrioid-adenocarcinoma	6	.	38016678	38016679	224,168,84
chr22	38016549	38017182	TFIIIC:HEK293	1	.	38016936	38016937	127,88,200
chr22	38016550	38016798	ETV1:MDA-Pca-2b,LNCaP,A-375	3	.	38016735	38016736	252,140,28
chr22	38016555	38016849	ARNT:T-47D	1	.	38016705	38016706	224,252,252
chr22	38016555	38016980	SOX13:Hep-G2	1	.	38016620	38016621	168,224,224
chr22	38016556	38016815	EGLN2:T-47D	1	.	38016625	38016626	56,196,140
chr22	38016560	38016798	AHR:Hep-G2,MCF-7	4	.	38016685	38016686	196,112,168
chr22	38016561	38016786	NFIC:Ishikawa	1	.	38016669	38016670	140,84,28
chr22	38016562	38016812	MAX:NCI-H2171,WA01,Hep-G2	4	.	38016697	38016698	56,196,84
chr22	38016564	38016776	TEAD4:Ishikawa,SK-MEL-147	2	.	38016643	38016644	196,252,56
chr22	38016579	38016893	EGR2:HEK293	1	.	38016635	38016636	208,49,9
chr22	38016585	38016902	KLF9:GBM1A	1	.	38016746	38016747	196,168,84
chr22	38016587	38016825	MYC:NCI-H2171,LNCaP,H128	3	.	38016698	38016699	56,28,56
chr22	38016616	38016836	AHRR:MCF-7	1	.	38016740	38016741	152,60,211
chr22	38016630	38016823	TP63:keratinocyte	3	.	38016735	38016736	84,140,84
chr22	38016635	38016824	ERF:VCaP	1	.	38016659	38016660	84,13,120
chr22	38016659	38017246	TRP47:THP-1	1	.	38017050	38017051	150,50,54
chr22	38016680	38017205	SIRT6:SK-MEL-239	1	.	38016969	38016970	84,140,56
chr22	38016682	38017212	HEXIM1:HCT-116	1	.	38017070	38017071	56,140,224
chr22	38016685	38017190	AATF:LAL-B	1	.	38017024	38017025	135,182,206
chr22	38016703	38017034	ETS1:HUVEC-C	3	.	38016907	38016908	252,140,196
chr22	38016705	38016859	CLOCK:BA40-neocortex	2	.	38016805	38016806	168,252,224
chr22	38016721	38017202	STAT3:WA01	1	.	38017025	38017026	140,196,112
chr22	38016725	38017117	ZFX:LNCaP-C4-2B,PrEC	3	.	38016920	38016921	56,196,224
chr22	38016729	38017751	CTCF:HSPC	1	.	38016814	38016815	252,140,56
chr22	38016766	38017205	OGG1:HEK293	3	.	38016979	38016980	246,94,206
chr22	38016771	38017065	ELF1:ME-1	1	.	38016870	38016871	140,140,224
chr5	173227592	173247395	EP300:osteoblast	1	.	173244489	173244490	112,252,84
chr5	173227947	173247667	RING1B:WA09	1	.	173243711	173243712	111,168,90
chr5	173228334	173247379	RING1B:WA09	1	.	173238770	173238771	111,168,90
chr5	173236969	173246573	EZH2phosphoT487:GM23338,neuron,GM23248,SK-N-SH,hepatocyte	5	.	173244713	173244714	140,168,224
chr5	173241159	173245738	MED1:cardiomyocyte,MM1-S,G296S	8	.	173244631	173244632	112,196,56
chr5	173241497	173245721	EZH2:GM23338,myoblast,epithelial,neural,endothelial,ProEs,astrocyte,B-cell,hepatocyte,fibroblast,LNCaP-abl,HUVEC-C,A-1847	18	.	173244592	173244593	140,168,224
chr5	173242837	173245591	JARID2:MRC-5,AMIPS6,UTEIPS11,AMIPS8,UTEIPS4,UTEIPS6,UTEIPS7,EDOMIPS2	10	.	173244411	173244412	252,112,252
chr5	173243792	173245544	SP140:macrophage	2	.	173244616	173244617	134,238,87
chr5	173244143	173245694	ZBTB48:HeLa	2	.	173244677	173244678	19,42,80
chr5	173245025	173246501	SP140:macrophage	1	.	173245827	173245828	134,238,87
chr5	173245097	173248195	CBX2:K-562	1	.	173246595	173246596	28,168,196
chr5	173245190	173245528	HCFC1R1:cartilage	1	.	173245328	173245329	197,194,171
chr5	173245201	173246881	PCGF1:WA01	1	.	173245552	173245553	97,220,154
chr5	173245206	173246134	CBX8:K-562	1	.	173245621	173245622	196,149,116
chr5	173245211	173246598	RNF2:HUES-64,WA01,K-562	3	.	173245433	173245434	56,112,56
chr5	173245227	173246525	JARID2:MRC-5,UTEIPS11,AMIPS6,AMIPS8,UTEIPS4,UTEIPS6,UTEIPS7,EDOMIPS2	8	.	173245620	173245621	252,112,252
chr5	173245228	173246195	EZH2:epithelial,endothelial,A-673,B-cell,Hep-G2,fibroblast,LNCaP-abl,HUVEC-C	11	.	173245490	173245491	140,168,224
chr5	173245232	173245819	BRD1:HUES-64	1	.	173245403	173245404	112,252,140
chr5	173245240	173245942	PCGF2:fibroblast	2	.	173245607	173245608	224,196,112
chr5	173245245	173246426	STAG1:HSPC	1	.	173246229	173246230	140,196,168
chr5	173245246	173246696	RYBP:WA01	1	.	173245661	173245662	28,140,196
chr5	173245255	173246574	BCOR:WA01	3	.	173245701	173245702	168,140,56
chr5	173245257	173246025	SMARCC1:HS-SY-2	1	.	173245763	173245764	28,252,168
chr5	173245262	173245524	TRIM28:AF22	1	.	173245340	173245341	252,28,196
chr5	173245267	173246435	HSF1:451Lu	1	.	173245840	173245841	84,28,168
chr5	173245274	173245963	SUZ12:LNCaP-abl,WA01,K-562,NT2-D1	6	.	173245505	173245506	237,247,218
chr5	173245275	173245875	BRG1:HS-SY-2	1	.	173245686	173245687	234,197,241
chr6	99587319	99593273	CBX2:K-562	1	.	99589844	99589845	28,168,196
chr6	99587587	99594594	RING1B:WA09	1	.	99590381	99590382	111,168,90
chr6	99587615	99593941	RING1B:WA09	1	.	99590913	99590914	111,168,90
chr6	99588222	99593097	EP300:osteoblast	1	.	99590878	99590879	112,252,84
chr6	99589391	99593594	CBX8:K-562	1	.	99590169	99590170	196,149,116
chr6	99592001	99593463	BRG1:HS-SY-2	1	.	99593063	99593064	234,197,241
chr6	99592671	99593236	EZH2phosphoT487:OCI-Ly7	1	.	99593025	99593026	140,168,224
chr6	99592720	99593136	JARID2:MRC-5,UTEIPS6	2	.	99592912	99592913	252,112,252
chr6	99592750	99593346	PCGF2:fibroblast	2	.	99593133	99593134	224,196,112
chr6	99592784	99593203	EZH2:keratinocyte,endothelial,GM23248	3	.	99592977	99592978	140,168,224
chr6	99592800	99593116	RNF2:WA01,HMELBRAF,HUES-64	3	.	99592984	99592985	56,112,56
chr6	99592803	99593336	RELA:THP-1,SGBS,monocyte	4	.	99593079	99593080	112,224,196
chr6	99592887	99593388	RXR:macrophage	1	.	99593118	99593119	196,224,56
chr6	99592907	99593354	CEBPB:K-562,OCI-AML3,SUM159PT,Ishikawa,Hep-G2,epididymis,LS180,A-549,THP-1,IMR-90,HL-60,monocyte,hMSC,HFOB,HeLa-S3	30	.	99593117	99593118	196,112,112
chr6	99592920	99593333	TRIM24:MOLM-13	1	.	99593101	99593102	252,56,252
chr6	99592922	99593392	CDK8:MOLM-14	2	.	99593136	99593137	84,84,252
chr6	99592924	99593367	CEBPD:HAEC	1	.	99593141	99593142	224,140,168
chr6	99592939	99593247	CTCF:THP-1	1	.	99593139	99593140	252,140,56
chr6	99592952	99593224	OTX2:D283-Med,D341-Med	8	.	99593099	99593100	224,112,196
chr6	99592953	99593246	RUNX1:U-937,NB4,THP-1,TSU-1621MT	4	.	99593131	99593132	84,168,112
chr6	99592954	99593238	AR:LHSAR	1	.	99593095	99593096	252,56,84
chr6	99592954	99593288	PPARG:ASC	1	.	99593117	99593118	168,196,196
chr6	99592961	99593313	BRD4:MV4-11,SGBS,SUM159PT,U-87MG,MV4-11-B	27	.	99593129	99593130	196,140,252
chr6	99592963	99593092	STAT1:CD14	1	.	99593031	99593032	161,220,127
chr6	99592963	99593341	KMT2B:AML	2	.	99593138	99593139	112,196,140
chr6	99592969	99593271	MED1:hMSC-TERT4,U-87MG,SGBS,SUM159PT	9	.	99593133	99593134	112,196,56
chr6	99592976	99593324	JMJD1C:THP-1,HL-60,NB4	3	.	99593134	99593135	84,196,84
chr6	99592977	99593132	ZNF317:HEK293	1	.	99593051	99593052	83,145,140
chr6	99592977	99593251	MYB:THP-1	2	.	99593100	99593101	196,84,28
chr6	99592981	99593258	STAT5A:MV4-11	1	.	99593122	99593123	196,84,56
chr6	99592983	99593227	PBX4:PC-3	1	.	99593079	99593080	123,16,103
chr6	99592983	99593510	MEF2C:MOLM-13	1	.	99593231	99593232	56,252,28
chr6	99592984	99593269	HLF:Hep-G2	1	.	99593090	99593091	162,99,220
chr6	99592984	99593279	SP1:liver	1	.	99593065	99593066	28,196,84
chr6	99592986	99593244	SPI1:THP-1,monocyte,MDM,U-937	9	.	99593101	99593102	252,28,112
chr6	99592987	99593269	CEBPA:MV4-11,U-937,Hep-G2,SGBS,SKH1,Kasumi-1	8	.	99593127	99593128	112,28,28
chr6	99592988	99593206	VDR:THP-1	1	.	99593113	99593114	84,56,252
chr6	99592991	99593244	NEUROD1:D283-Med	2	.	99593084	99593085	140,56,224
chr6	99592992	99593298	CEBPG:K-562,Hep-G2	3	.	99593134	99593135	112,112,56
chr6	99592993	99593182	TCF7L2:CD34	1	.	99593073	99593074	112,140,224
chr6	99592994	99593321	FLI1:A-673-clone-Asp114,NB4,A-673	5	.	99593156	99593157	84,224,224
chr6	99592998	99593157	FOSL2:SK-MEL-147	1	.	99593096	99593097	84,140,224
chr6	99592998	99593228	EP300:HeLa-S3	1	.	99593120	99593121	112,252,84
chr6	99592999	99593300	CDK9:MV4-11	1	.	99593136	99593137	140,140,56
chr6	99593000	99593291	SMARCC1:SK-N-MC	2	.	99593143	99593144	28,252,168
chr6	99593000	99593303	ERG:TSU-1621MT,RWPE-1	2	.	99593166	99593167	252,84,28
chr6	99593001	99593269	FOS:MCF10A-Er-Src,MCF-10A	6	.	99593140	99593141	112,140,140
chr6	99593002	99593072	BCL11A:CD34	1	.	99593039	99593040	84,168,28
chr6	99593004	99593175	TEAD1:Hep-G2	1	.	99593092	99593093	56,140,140
chr6	99593006	99593164	KAT8:Hep-G2	1	.	99593067	99593068	154,75,243
chr6	99593006	99593224	PRDM1:HEK293	1	.	99593122	99593123	84,168,168
chr6	99593006	99593292	EHF:RWPE-1	1	.	99593169	99593170	224,84,112
chr6	99593010	99593175	MAX:HeLa-S3	1	.	99593083	99593084	56,196,84
chr6	99593011	99593287	SMARCA4:K-562,neuron	2	.	99593135	99593136	224,84,252
chr6	99593014	99593270	RAD21:THP-1	11	.	99593136	99593137	140,252,224
chr6	99593019	99593252	MRTFA:A-673-clone-Asp114	1	.	99593120	99593121	49,219,213
chr6	99593020	99593250	JUNB:MCF10A-Er-Src	2	.	99593141	99593142	56,28,196
chr6	99593021	99593256	PRDM6:HEK293	1	.	99593136	99593137	247,126,168
chr6	99593021	99593299	RCOR1:AML,keratinocyte	3	.	99593158	99593159	196,28,112
chr6	99593028	99593212	NFIL3:Hep-G2	2	.	99593122	99593123	195,225,107
chr6	99596356	99599739	EZH2:GM23338	1	.	99596690	99596691	140,168,224
chr6	99598062	99598944	EZH2phosphoT487:hepatocyte,neuron	2	.	99598290	99598291	140,168,224
chr6	99598666	99599121	DUX4:WA01,22Rv1	2	.	99598898	99598899	28,112,224
chr6	99598789	99599248	NEUROD1:D283-Med	4	.	99599014	99599015	140,56,224
chr6	99598797	99599220	OTX2:D283-Med,D341-Med	6	.	99599007	99599008	224,112,196
chr6	99598807	99599010	PCGF2:fibroblast	1	.	99598946	99598947	224,196,112
chr6	99598844	99599111	CBX8:K-562	1	.	99598947	99598948	196,149,116
chr6	99598845	99599237	SUZ12:CRL-7250	1	.	99599072	99599073	237,247,218
chr8	101490535	101493757	FOXP1:VCaP	1	.	101492501	101492502	224,252,224
chr8	101491343	101493496	MED1:hESC	1	.	101492281	101492282	112,196,56
chr8	101491525	101494710	PCGF1:WA01	1	.	101493853	101493854	97,220,154
chr8	101491556	101493689	EZH2phosphoT487:hepatocyte	1	.	101493476	101493477	140,168,224
chr8	101491610	101493341	BRD1:HUES-64	1	.	101492722	101492723	112,252,140
chr8	101491749	101494481	RYBP:WA01	1	.	101492178	101492179	28,140,196
chr8	101492016	101493477	SIN3A:WA01,HCT-116,MCF-7	4	.	101492647	101492648	196,112,252
chr8	101492082	101493863	EZH2phosphoT487:neural,GM23248	2	.	101492987	101492988	140,168,224
chr8	101492127	101493421	GRHL2:MCF-7,OVCAR-3,LNCaP,MCF-7-TAMR-1,HBE,PEO1,MCF-7-WS8,OVCA429	10	.	101492670	101492671	84,252,196
chr8	101492200	101495413	EZH2phosphoT487:hepatocyte,neuron	2	.	101494168	101494169	140,168,224
chr8	101492288	101493590	MAZ:T778,MCF-7	2	.	101492613	101492614	168,252,140
chr8	101492308	101493586	CHD1:MCF-7,WA01,LNCaP	5	.	101492884	101492885	140,252,28
chr8	101492353	101493340	ZBTB7B:MCF-7	1	.	101492745	101492746	239,73,188
chr8	101492392	101493985	EZH2:GM23248,neural,endothelial,B-cell,fibroblast,HUVEC-C	7	.	101493154	101493155	140,168,224
chr8	101492412	101493962	PHIP:HCT-116	3	.	101492549	101492550	82,197,159
chr8	101492622	101493414	PHIP:HCT-116	2	.	101493014	101493015	82,197,159
chr8	101492792	101494626	ASH2L:WA01,VCaP	2	.	101494279	101494280	56,252,56
chr8	101492844	101494414	BCOR:WA01	4	.	101493984	101493985	168,140,56
chr8	101492881	101494328	ZFX:LNCaP-C4-2B,HEK293T,MCF-7,PrEC,HCT-116	8	.	101493743	101493744	56,196,224
chr8	101492950	101494351	TAF3:HCT-116	1	.	101493641	101493642	196,28,140
chr8	101492995	101493344	CBX1:Hep-G2	1	.	101493075	101493076	84,112,28
chr8	101493003	101494648	EZH2:endothelial,A-673,B-cell,hepatocyte,fibroblast,A-1847	6	.	101494245	101494246	140,168,224
chr8	101493005	101494669	ARID1A:RMG-I	1	.	101493620	101493621	168,28,28
chr8	101493006	101494512	RBBP5:WA01	1	.	101494023	101494024	196,56,56
chr8	101493009	101493347	GRHL2:OVCA429	1	.	101493089	101493090	84,252,196
chr8	101493010	101494305	CSNK2A1:LNCaP	1	.	101493269	101493270	112,224,56
chr8	101493024	101494306	EZH2:endothelial,astrocyte,myotube,fibroblast,LNCaP-abl,HUVEC-C	8	.	101493707	101493708	140,168,224
chr8	101493081	101493474	KDM1A:WA01	1	.	101493251	101493252	28,140,224
chr8	101493083	101494374	STAG1:HSPC	1	.	101493729	101493730	140,196,168
chr8	101493090	101494443	SP140:macrophage	1	.	101494210	101494211	134,238,87
chr8	101493091	101493572	PAF1:HCT-116	1	.	101493350	101493351	112,112,196
chr8	101493097	101493961	APC:HCT-116	1	.	101493531	101493532	142,48,228
chr8	101493101	101493373	BAF155:LNCaP	1	.	101493231	101493232	204,69,51
chr8	101493101	101493614	MAZ:T778	1	.	101493250	101493251	168,252,140
chr8	101493103	101493363	STAT3:NCI-H358	1	.	101493218	101493219	140,196,112
chr8	101493111	101493408	KDM4A:WA01	1	.	101493254	101493255	140,224,140
chr8	101493117	101493568	KLF9:MCF-7	1	.	101493327	101493328	196,168,84
chr8	101493121	101493367	ESR1:MCF-7	5	.	101493235	101493236	224,168,84
chr8	101493128	101493423	YY1:NT2-D1,HCT-116,Ishikawa,GM12878,WA01	5	.	101493276	101493277	140,252,224
chr8	101493133	101494256	ATF3:GM00739	1	.	101494079	101494080	56,224,168
chr8	101493137	101493388	SUZ12:LNCaP-abl,NCCIT	2	.	101493270	101493271	237,247,218
chr8	101493140	101494513	MAX:MCF-7	1	.	101494064	101494065	56,196,84
chr8	101493159	101494331	EP300:T-47D,osteoblast,Ishikawa,WA01	4	.	101494017	101494018	112,252,84
chr8	101493160	101494250	CDK8:HCT-116	2	.	101493836	101493837	84,84,252
chr8	101493161	101493388	STAG1:MCF-7	2	.	101493245	101493246	140,196,168
chr8	101493168	101493466	SMAD3:NCI-H441	1	.	101493310	101493311	140,112,56
chr8	101493170	101493341	RAD21:MCF-7	3	.	101493246	101493247	140,252,224
chr8	101493171	101493357	SMARCE1:MCF-7	1	.	101493295	101493296	24,178,97
chr8	101493182	101494281	TRIM24:LNCaP-abl,LNCaP	2	.	101493811	101493812	252,56,252
chr8	101493186	101493416	FOXA1:breast	1	.	101493247	101493248	252,140,168
chr8	101493189	101493444	KLF5:KATOIII	1	.	101493347	101493348	224,84,224
chr8	101493195	101493526	CHD7:hiPSC	1	.	101493355	101493356	84,252,252
chr8	101493198	101493872	E2F6:WA01	1	.	101493732	101493733	224,252,140
chr8	101493199	101493374	TEAD1:H69	1	.	101493266	101493267	56,140,140
chr8	101493199	101494341	HSF1:451Lu	1	.	101494177	101494178	84,28,168
chr8	101493211	101493494	BCOR:WA01	1	.	101493279	101493280	168,140,56
chr8	101493218	101493862	TAL1:ME-1	1	.	101493368	101493369	112,168,84
chr8	101493220	101493381	POU5F1:BJ1-hTERT	1	.	101493310	101493311	140,28,112
chr8	101493222	101493390	PML:MCF-7	1	.	101493324	101493325	140,112,112
chr8	101493225	101493372	TCF7L2:HCT-116	1	.	101493287	101493288	112,140,224
chr8	101493226	101493463	ERG:LNCaP,K-562,VCaP	4	.	101493317	101493318	252,84,28
chr8	101493228	101493372	AR:LNCaP	1	.	101493303	101493304	252,56,84
chr8	101493233	101493423	NANOG:WA01	1	.	101493378	101493379	196,28,224
chr8	101493233	101494170	ZBTB7A:Ishikawa	1	.	101493343	101493344	196,28,252
chr8	101493239	101494402	SP140:macrophage	1	.	101493882	101493883	134,238,87
chr8	101493241	101493590	MYC:MCF-7,CD34,LNCaP,MDA-MB-453	5	.	101493323	101493324	56,28,56
chr8	101493242	101494937	STAT1:NCI-H358	1	.	101493930	101493931	161,220,127
chr8	101493251	101494510	SUZ12:CRL-7250,GM12878,ProEs,WA01,NT2-D1,NCCIT,K-562	10	.	101494086	101494087	237,247,218
chr8	101493252	101493513	GATA3:T-47D	1	.	101493367	101493368	140,140,84
chr8	101493252	101493960	ELF1:ME-1	1	.	101493662	101493663	140,140,224
chr8	101493254	101493387	NR2F2:MCF-7	1	.	101493274	101493275	56,196,252
chr8	101493254	101494351	TRP47:THP-1	1	.	101493982	101493983	150,50,54
chr8	101493256	101493697	CBFB:ME-1	1	.	101493357	101493358	252,224,28
chr8	101493257	101493402	WT1:K-562	1	.	101493320	101493321	103,119,117
chr8	101493261	101493413	KDM5B:MCF-7,MDA-MB-231	2	.	101493343	101493344	140,168,112
chr8	101493261	101493483	RUNX1:Jurkat	1	.	101493357	101493358	84,168,112
chr8	101493262	101494317	ZHX2:786-O	1	.	101493796	101493797	196,224,168
chr8	101493263	101493406	CTCF:WA01,MCF-7	2	.	101493336	101493337	252,140,56
chr8	101493263	101493577	EGR1:GM12878,MCF-7,Ishikawa,HCT-116,K-562,WA01	6	.	101493434	101493435	56,224,140
chr8	101493265	101493459	SIRT6:SK-MEL-239	1	.	101493370	101493371	84,140,56
chr8	101493270	101493414	TEAD4:Ishikawa	1	.	101493334	101493335	196,252,56
chr8	101493271	101494198	TFIIIC:HEK293	1	.	101493726	101493727	127,88,200
chr8	101493275	101493504	MED1:MCF-7	3	.	101493391	101493392	112,196,56
chr8	101493279	101493404	GRHL3:NHEKSV3	1	.	101493342	101493343	25,251,10
chr8	101493279	101494280	MYCN:NGP	1	.	101493629	101493630	28,196,56
chr8	101493280	101494317	NR2F1:MCF-7	1	.	101493860	101493861	252,168,168
chr8	101493288	101493739	PHIP:HCT-116	1	.	101493648	101493649	82,197,159
chr8	101493292	101493725	TRIM28:HCT-116	1	.	101493582	101493583	252,28,196
chr8	101493292	101494304	HEXIM1:HCT-116	1	.	101493673	101493674	56,140,224
chr8	101493299	101493746	TFAP2C:BT-474,MCF-7,SKBR3,UCLA1-hESCs	5	.	101493495	101493496	252,140,84
chr8	101493300	101494854	RING1B:WA09	2	.	101493938	101493939	111,168,90
chr8	101493307	101494038	TP63:keratinocyte	1	.	101493832	101493833	84,140,84
chr8	101493311	101493916	MAX:H128,WA01,Ishikawa,HCT-116	6	.	101493418	101493419	56,196,84
chr8	101493321	101493415	JUND:WA01	1	.	101493341	101493342	196,56,112
chr8	101493322	101494208	TRIM25:BT-549	1	.	101493890	101493891	169,140,217
